{
  "ari": 3.650434977513013e-05,
  "n_h0_components": 7,
  "n_gmm_regimes": 7,
  "per_regime_purity": {
    "0": 0.998415632426723,
    "1": 1.0,
    "2": 1.0,
    "3": 1.0,
    "4": 1.0,
    "5": 1.0,
    "6": 1.0
  },
  "per_component_purity": {
    "0": 0.2697807435653003,
    "1": 1.0,
    "2": 1.0,
    "3": 1.0,
    "4": 1.0,
    "5": 1.0,
    "6": 1.0
  },
  "dominant_component_fraction": 0.9997800586510264,
  "n_singleton_components": 6,
  "component_sizes": {
    "0": 27274,
    "1": 1,
    "4": 1,
    "3": 1,
    "2": 1,
    "6": 1,
    "5": 1
  },
  "contingency_table": [
    [
      3781,
      7358,
      5415,
      3333,
      3510,
      1813,
      2064
    ],
    [
      1,
      0,
      0,
      0,
      0,
      0,
      0
    ],
    [
      1,
      0,
      0,
      0,
      0,
      0,
      0
    ],
    [
      1,
      0,
      0,
      0,
      0,
      0,
      0
    ],
    [
      1,
      0,
      0,
      0,
      0,
      0,
      0
    ],
    [
      1,
      0,
      0,
      0,
      0,
      0,
      0
    ],
    [
      1,
      0,
      0,
      0,
      0,
      0,
      0
    ]
  ]
}