{
  "age_stratified": {
    "escape_rates": {
      "overall": {
        "n_starting_disadvantaged": 7453,
        "n_ever_escape": 416,
        "ever_escape_rate": 0.05581644975177781,
        "escape_by_horizon": {
          "1": 0.05581644975177781,
          "2": 0.05581644975177781,
          "3": 0.05581644975177781,
          "4": 0.05581644975177781,
          "5": 0.05581644975177781
        },
        "mean_path_length": 1.0,
        "median_path_length": 1.0
      },
      "working_age": {
        "n_starting_disadvantaged": 2163,
        "n_ever_escape": 386,
        "ever_escape_rate": 0.178455848358761,
        "escape_by_horizon": {
          "1": 0.178455848358761,
          "2": 0.178455848358761,
          "3": 0.178455848358761,
          "4": 0.178455848358761,
          "5": 0.178455848358761
        },
        "mean_path_length": 1.0,
        "median_path_length": 1.0
      },
      "retirement_age": {
        "n_starting_disadvantaged": 5978,
        "n_ever_escape": 6,
        "ever_escape_rate": 0.0010036801605888257,
        "escape_by_horizon": {
          "1": 0.0010036801605888257,
          "2": 0.0010036801605888257,
          "3": 0.0010036801605888257,
          "4": 0.0010036801605888257,
          "5": 0.0010036801605888257
        },
        "mean_path_length": 1.0,
        "median_path_length": 1.0
      },
      "regime_2_composition": {
        "under_60": 1851,
        "over_60": 11431,
        "retirement_fraction": 0.8606384580635447
      },
      "retirement_age_threshold": 60
    },
    "logistic_regression": {
      "n_obs": 4832,
      "n_escaped": 259,
      "coefficients": {
        "const": -3.392469705947525,
        "age_first_window": -0.07259222828797345,
        "female": -0.27404643822546876,
        "cohort_1950s": 1.9500961285685554,
        "cohort_1960s": 3.1707328720369263,
        "cohort_1970s": 2.789486005357089,
        "cohort_post-1980": 2.104564786859672,
        "regime_6": 3.0231659367011603,
        "nssec_Professional/Managerial": -0.20401890536688458,
        "nssec_Routine/Manual": -0.17604727554326166
      },
      "odds_ratios": {
        "const": 0.033625529097324164,
        "age_first_window": 0.9299799722442358,
        "female": 0.7602967676083587,
        "cohort_1950s": 7.029363270741282,
        "cohort_1960s": 23.82493859106208,
        "cohort_1970s": 16.27265359510608,
        "cohort_post-1980": 8.203531947664912,
        "regime_6": 20.55626861874821,
        "nssec_Professional/Managerial": 0.8154469547177122,
        "nssec_Routine/Manual": 0.838578338153454
      },
      "confidence_intervals_95": {
        "const": [
          -7.0172247701272585,
          0.23228535823220797
        ],
        "age_first_window": [
          -0.12466463789799176,
          -0.02051981867795514
        ],
        "female": [
          -0.5838264109142964,
          0.03573353446335892
        ],
        "cohort_1950s": [
          0.4046634062419645,
          3.4955288508951465
        ],
        "cohort_1960s": [
          1.4086693058197308,
          4.932796438254122
        ],
        "cohort_1970s": [
          0.6782675276615677,
          4.9007044830526105
        ],
        "cohort_post-1980": [
          -0.4588623212475089,
          4.667991894966853
        ],
        "regime_6": [
          2.3650223706707143,
          3.6813095027316063
        ],
        "nssec_Professional/Managerial": [
          -0.7399912324968841,
          0.33195342176311493
        ],
        "nssec_Routine/Manual": [
          -0.4978227624773775,
          0.14572821139085418
        ]
      },
      "p_values": {
        "const": 0.06660005162207856,
        "age_first_window": 0.00628912471122082,
        "female": 0.08293946314290228,
        "cohort_1950s": 0.013392034114466218,
        "cohort_1960s": 0.00042054544202717385,
        "cohort_1970s": 0.009607683792896702,
        "cohort_post-1980": 0.10758930680209598,
        "regime_6": 2.195416633678427e-19,
        "nssec_Professional/Managerial": 0.4556287003020527,
        "nssec_Routine/Manual": 0.28357628548043856
      },
      "pseudo_r2": 0.4794348450118132,
      "aic": 1071.3477802741427,
      "bic": 1136.177937670289,
      "separation_detected": false,
      "firth_used": false
    }
  },
  "elapsed_total": 37.67789435386658
}