{
  "employment_rate": {
    "k": 7,
    "outcome": "employment_rate",
    "cluster_stats": {
      "1": {
        "mean": 0.06701529999959319,
        "std": 0.1379746017737476,
        "n": 3438
      },
      "2": {
        "mean": 0.04078419982063319,
        "std": 0.07917334330242447,
        "n": 2086
      },
      "3": {
        "mean": 0.04237812035370529,
        "std": 0.09602549412486983,
        "n": 2949
      },
      "4": {
        "mean": 0.47235430298909614,
        "std": 0.17826713450224652,
        "n": 2489
      },
      "5": {
        "mean": 0.8966222473886586,
        "std": 0.1718268475115873,
        "n": 9003
      },
      "6": {
        "mean": 0.852734758199547,
        "std": 0.19023278130894508,
        "n": 1775
      },
      "7": {
        "mean": 0.8171112822195855,
        "std": 0.26503541250613327,
        "n": 5540
      }
    },
    "figure_path": "results\\trajectory_tda_mapper\\figures\\fig11_om_dendrogram_employment.png"
  },
  "pc1": {
    "k": 7,
    "outcome": "PC1",
    "cluster_stats": {
      "1": {
        "mean": 2.2264489275020183,
        "std": 1.1739677313817256,
        "n": 3438
      },
      "2": {
        "mean": 2.140991007302964,
        "std": 0.9630271220705756,
        "n": 2086
      },
      "3": {
        "mean": 3.2790866468216304,
        "std": 0.9852100488792263,
        "n": 2949
      },
      "4": {
        "mean": 0.5987866207377239,
        "std": 1.2477981831291673,
        "n": 2489
      },
      "5": {
        "mean": -1.2842314227677165,
        "std": 0.9748835939659379,
        "n": 9003
      },
      "6": {
        "mean": -1.7956927882963072,
        "std": 1.280665410512186,
        "n": 1775
      },
      "7": {
        "mean": -1.540027955970277,
        "std": 2.157579149831271,
        "n": 5540
      }
    },
    "figure_path": "results\\trajectory_tda_mapper\\figures\\fig11_om_dendrogram_pc1.png"
  }
}