{
  "stratified_markov1": {
    "H0": {
      "mean_wasserstein_obs_null": 15.131005170369603,
      "std_wasserstein_obs_null": 2.868185926763753,
      "median_wasserstein_obs_null": 15.147779399442012,
      "mean_wasserstein_null_null": 7.384243627445399,
      "std_wasserstein_null_null": 2.4644203253583963,
      "p_value": 0.0,
      "significant_at_005": true,
      "obs_null_distribution": [
        10.901897946382672,
        18.70313958212683,
        13.404984110012776,
        18.69794575202819,
        19.813961180084085,
        15.047976400597252,
        13.09709904491071,
        9.867945157146739,
        19.190268475546223,
        15.277908063226217,
        17.613689673479332,
        18.058789696424743,
        14.340489048834748,
        18.864881992755095,
        15.720592046220439,
        17.740725318019113,
        11.367732543616988,
        12.170757724126174,
        13.47338541359194,
        17.651099297706363,
        13.19192305552382,
        16.127018619748622,
        13.096636521557786,
        15.405702726526817,
        17.398841273618373,
        16.22305253214851,
        13.789834083888254,
        20.074990510182722,
        17.167161013848975,
        12.382498872517596,
        16.832349690868128,
        18.367039957897994,
        12.0612355270392,
        11.672569591087708,
        19.941126401445207,
        15.49825628103914,
        12.75559662417251,
        19.936369917274508,
        12.153526039335887,
        15.170693308592002,
        19.53554627236401,
        13.052060712707826,
        7.4678888267872745,
        12.149059527783209,
        16.306247721164507,
        21.732565042083717,
        17.461773334519062,
        12.843668754898003,
        17.02171567245315,
        18.521453106710045,
        10.917006023396878,
        11.033995710375793,
        14.72187406084661,
        16.051917224089145,
        14.227828702165437,
        15.695934659863541,
        15.01373346647149,
        14.187578552606917,
        17.08582319777373,
        18.20347232483409,
        12.320833489093367,
        20.91992614158976,
        16.350510217326676,
        20.49251494448072,
        16.964141725052865,
        15.769000298972552,
        13.923030062285351,
        17.78922197153547,
        14.202733916071434,
        12.25947271668047,
        15.12486549029202,
        12.788851127293272,
        11.20878141009687,
        13.711203220861046,
        17.118358091928453,
        16.266413696987467,
        15.863849967680723,
        15.362343530592431,
        14.856079990809,
        14.158612815959277,
        16.666425773459995,
        18.39677373182593,
        10.633956304225098,
        16.056334409755063,
        18.789857708719143,
        15.29160856807794,
        14.250782485770477,
        11.437510217713397,
        9.983560038431486,
        12.44738508139209,
        13.718387807004028,
        12.044518739053267,
        10.956356687279111,
        14.062714210235049,
        16.919400360890343,
        17.424366380213183,
        13.023216451227885,
        12.091632656509768,
        12.862381010151221,
        15.109769680391524
      ],
      "n_null_null_pairs": 500
    },
    "H1": {
      "mean_wasserstein_obs_null": 224.43450365645572,
      "std_wasserstein_obs_null": 4.457810483213004,
      "median_wasserstein_obs_null": 223.857574028878,
      "mean_wasserstein_null_null": 243.5756534651627,
      "std_wasserstein_null_null": 5.5375411798124015,
      "p_value": 0.998,
      "significant_at_005": false,
      "obs_null_distribution": [
        221.20148825955022,
        231.69049323138682,
        224.40320651046923,
        223.8783039452424,
        231.2964158808137,
        223.49518884474716,
        224.1554823210691,
        221.36023774634566,
        227.21086493042503,
        225.88033192456862,
        228.65912334255344,
        223.18465630893334,
        224.0233605946623,
        227.93864863087063,
        223.42658163468187,
        234.90597320977514,
        219.8933495886055,
        227.10232967491757,
        225.80281545002435,
        229.39391265767674,
        221.85692793526607,
        223.1124386260662,
        231.62047411120145,
        218.67975399980332,
        221.6757529314269,
        228.47372716679487,
        223.500527528982,
        232.82100293721723,
        223.83684411251357,
        224.4727821280125,
        228.62686771200504,
        223.04062819271715,
        223.92084350804828,
        218.69244925719917,
        227.35830313879353,
        226.339698870475,
        230.02675294195643,
        225.5680926982258,
        214.133020077808,
        226.85264748460344,
        220.52049274849213,
        222.59977991228186,
        214.77869090272722,
        220.88095258887867,
        222.00460376130027,
        234.38751721816072,
        227.02402880049428,
        223.22128289460431,
        227.90591045382837,
        227.07238460758666,
        213.03435226192144,
        217.87962081001314,
        220.21346922150533,
        229.45228386613405,
        218.26509248823132,
        224.4125833987812,
        226.44315055213468,
        223.879002020008,
        227.99128450761455,
        232.78557747427533,
        221.98544423858482,
        229.7416898521971,
        227.65907670854116,
        235.98030929023724,
        220.05568440086546,
        225.30294367079057,
        223.5456768249683,
        222.458856831103,
        221.05819662565492,
        221.4758250345565,
        223.29058138303952,
        217.12369987715027,
        221.97279375877832,
        225.33896667335733,
        227.9699617846016,
        230.35669906403348,
        221.27569839545225,
        221.45162436262996,
        220.8124214404008,
        230.44703216617958,
        228.38352248683933,
        229.35246176757317,
        215.4488757303141,
        223.1818495984014,
        226.30353357086722,
        221.40571764137843,
        222.98878772416262,
        222.37441514989393,
        220.71993686554364,
        223.22225452604104,
        220.50687548930205,
        220.07216014266953,
        221.38427152280147,
        224.4133490882857,
        229.78513109643316,
        222.22276832786466,
        219.26358134204753,
        223.54321813238192,
        225.43208118177262,
        225.87803134246158
      ],
      "n_null_null_pairs": 500
    },
    "null_type": "stratified_markov1",
    "n_permutations": 100,
    "statistic": "wasserstein",
    "elapsed_seconds": 3396.586387872696
  }
}