{
  "n_landmarks": 1000,
  "elapsed": 9.366152048110962,
  "summaries": {
    "maxmin_vr": {
      "H0": {
        "n_features": 1000,
        "n_finite": 999,
        "n_infinite": 1,
        "total_persistence": 9631.959767341614,
        "max_persistence": 18.3769588470459,
        "persistence_entropy": 6.899066686105627,
        "features": [
          [
            0.0,
            Infinity,
            Infinity
          ],
          [
            0.0,
            18.3769588470459,
            18.3769588470459
          ],
          [
            0.0,
            17.844371795654297,
            17.844371795654297
          ],
          [
            0.0,
            16.787857055664062,
            16.787857055664062
          ],
          [
            0.0,
            16.532283782958984,
            16.532283782958984
          ],
          [
            0.0,
            16.05902671813965,
            16.05902671813965
          ],
          [
            0.0,
            15.978769302368164,
            15.978769302368164
          ],
          [
            0.0,
            15.666938781738281,
            15.666938781738281
          ],
          [
            0.0,
            15.573884963989258,
            15.573884963989258
          ],
          [
            0.0,
            15.230185508728027,
            15.230185508728027
          ],
          [
            0.0,
            14.73571491241455,
            14.73571491241455
          ],
          [
            0.0,
            14.6069974899292,
            14.6069974899292
          ],
          [
            0.0,
            14.077669143676758,
            14.077669143676758
          ],
          [
            0.0,
            14.058253288269043,
            14.058253288269043
          ],
          [
            0.0,
            13.958212852478027,
            13.958212852478027
          ],
          [
            0.0,
            13.925983428955078,
            13.925983428955078
          ],
          [
            0.0,
            13.901823997497559,
            13.901823997497559
          ],
          [
            0.0,
            13.79581356048584,
            13.79581356048584
          ],
          [
            0.0,
            13.739089012145996,
            13.739089012145996
          ],
          [
            0.0,
            13.68151569366455,
            13.68151569366455
          ]
        ]
      },
      "H1": {
        "n_features": 1302,
        "n_finite": 1302,
        "n_infinite": 0,
        "total_persistence": 1062.9887580871582,
        "max_persistence": 3.7066736221313477,
        "persistence_entropy": 6.859150439214728,
        "features": [
          [
            13.082427024841309,
            16.789100646972656,
            3.7066736221313477
          ],
          [
            10.918458938598633,
            14.36940860748291,
            3.4509496688842773
          ],
          [
            9.893649101257324,
            12.874103546142578,
            2.980454444885254
          ],
          [
            9.390035629272461,
            12.348268508911133,
            2.958232879638672
          ],
          [
            9.724275588989258,
            12.669586181640625,
            2.945310592651367
          ],
          [
            12.335030555725098,
            15.268600463867188,
            2.93356990814209
          ],
          [
            9.604931831359863,
            12.532058715820312,
            2.927126884460449
          ],
          [
            10.502039909362793,
            13.353597640991211,
            2.851557731628418
          ],
          [
            9.264165878295898,
            12.099395751953125,
            2.8352298736572266
          ],
          [
            11.361148834228516,
            14.179413795471191,
            2.818264961242676
          ],
          [
            10.893355369567871,
            13.660372734069824,
            2.767017364501953
          ],
          [
            10.003352165222168,
            12.766435623168945,
            2.7630834579467773
          ],
          [
            9.861170768737793,
            12.591551780700684,
            2.7303810119628906
          ],
          [
            12.015392303466797,
            14.664445877075195,
            2.6490535736083984
          ],
          [
            11.283045768737793,
            13.922664642333984,
            2.6396188735961914
          ],
          [
            9.55547046661377,
            12.183256149291992,
            2.6277856826782227
          ],
          [
            10.95029354095459,
            13.577746391296387,
            2.627452850341797
          ],
          [
            11.085245132446289,
            13.691411018371582,
            2.606165885925293
          ],
          [
            9.023871421813965,
            11.617011070251465,
            2.5931396484375
          ],
          [
            10.21300983428955,
            12.750506401062012,
            2.537496566772461
          ]
        ]
      }
    }
  }
}