{
  "n_landmarks": 3000,
  "elapsed": 31.559759378433228,
  "summaries": {
    "maxmin_vr": {
      "H0": {
        "n_features": 3000,
        "n_finite": 2999,
        "n_infinite": 1,
        "total_persistence": 19119.4330701828,
        "max_persistence": 18.3769588470459,
        "persistence_entropy": 7.977664093199076,
        "features": [
          [
            0.0,
            Infinity,
            Infinity
          ],
          [
            0.0,
            18.3769588470459,
            18.3769588470459
          ],
          [
            0.0,
            17.844371795654297,
            17.844371795654297
          ],
          [
            0.0,
            16.787857055664062,
            16.787857055664062
          ],
          [
            0.0,
            16.532283782958984,
            16.532283782958984
          ],
          [
            0.0,
            16.05902671813965,
            16.05902671813965
          ],
          [
            0.0,
            15.978769302368164,
            15.978769302368164
          ],
          [
            0.0,
            15.666938781738281,
            15.666938781738281
          ],
          [
            0.0,
            15.573884963989258,
            15.573884963989258
          ],
          [
            0.0,
            14.554727554321289,
            14.554727554321289
          ],
          [
            0.0,
            14.142724990844727,
            14.142724990844727
          ],
          [
            0.0,
            14.077669143676758,
            14.077669143676758
          ],
          [
            0.0,
            14.058253288269043,
            14.058253288269043
          ],
          [
            0.0,
            13.925983428955078,
            13.925983428955078
          ],
          [
            0.0,
            13.901823997497559,
            13.901823997497559
          ],
          [
            0.0,
            13.68151569366455,
            13.68151569366455
          ],
          [
            0.0,
            13.60092544555664,
            13.60092544555664
          ],
          [
            0.0,
            13.401656150817871,
            13.401656150817871
          ],
          [
            0.0,
            13.39586353302002,
            13.39586353302002
          ],
          [
            0.0,
            13.351300239562988,
            13.351300239562988
          ]
        ]
      },
      "H1": {
        "n_features": 3482,
        "n_finite": 3482,
        "n_infinite": 0,
        "total_persistence": 2071.2384815216064,
        "max_persistence": 3.19266414642334,
        "persistence_entropy": 7.830666067483037,
        "features": [
          [
            8.072016716003418,
            11.264680862426758,
            3.19266414642334
          ],
          [
            8.8716402053833,
            11.797497749328613,
            2.9258575439453125
          ],
          [
            8.593672752380371,
            11.4557523727417,
            2.862079620361328
          ],
          [
            10.840860366821289,
            13.691411018371582,
            2.850550651550293
          ],
          [
            7.758028030395508,
            10.433570861816406,
            2.6755428314208984
          ],
          [
            12.015392303466797,
            14.664445877075195,
            2.6490535736083984
          ],
          [
            9.881120681762695,
            12.452666282653809,
            2.5715456008911133
          ],
          [
            7.879542827606201,
            10.431150436401367,
            2.551607608795166
          ],
          [
            7.4563140869140625,
            9.981614112854004,
            2.5253000259399414
          ],
          [
            13.02121639251709,
            15.518159866333008,
            2.496943473815918
          ],
          [
            6.324212551116943,
            8.799604415893555,
            2.4753918647766113
          ],
          [
            6.787268161773682,
            9.25513744354248,
            2.467869281768799
          ],
          [
            6.19656229019165,
            8.648839950561523,
            2.452277660369873
          ],
          [
            8.435335159301758,
            10.874039649963379,
            2.438704490661621
          ],
          [
            13.203128814697266,
            15.548748970031738,
            2.3456201553344727
          ],
          [
            6.064303398132324,
            8.396500587463379,
            2.3321971893310547
          ],
          [
            12.335030555725098,
            14.66553783416748,
            2.330507278442383
          ],
          [
            12.157270431518555,
            14.411524772644043,
            2.2542543411254883
          ],
          [
            6.704216957092285,
            8.95661449432373,
            2.2523975372314453
          ],
          [
            8.8834867477417,
            11.098437309265137,
            2.2149505615234375
          ]
        ]
      }
    }
  }
}