{
  "observed": {
    "H0": 9631.959767341614,
    "H1": 1062.9887580871582
  },
  "null_distributions": {
    "H0": [
      9633.856283187866,
      9668.281157493591,
      9640.13966178894,
      9652.618240356445,
      9623.818572044373,
      9630.645720481873,
      9626.837705612183,
      9647.271298408508,
      9652.724782943726,
      9640.031991004944,
      9623.877202033997,
      9667.167381286621,
      9620.923436164856,
      9682.426850318909,
      9621.644799232483,
      9645.404299736023,
      9650.317907333374,
      9618.104744911194,
      9652.980411529541,
      9660.412017822266,
      9629.68099784851,
      9638.304243087769,
      9654.9469871521,
      9682.426850318909,
      9639.110689163208,
      9625.200226783752,
      9659.123843193054,
      9623.877202033997,
      9645.711822509766,
      9643.140807151794,
      9599.64311504364,
      9617.44582939148,
      9617.762303352356,
      9648.007868766785,
      9635.10673713684,
      9640.253742218018,
      9642.39122390747,
      9637.711800575256,
      9682.426850318909,
      9660.327990531921,
      9658.10523223877,
      9647.773551940918,
      9652.804491996765,
      9641.69127368927,
      9634.562125205994,
      9682.426850318909,
      9682.426850318909,
      9650.31717967987,
      9630.784177780151,
      9643.344844818115,
      9642.778042793274,
      9671.434114456177,
      9666.919120788574,
      9645.404299736023,
      9654.68210220337,
      9620.389144897461,
      9652.941088676453,
      9682.426850318909,
      9655.630855560303,
      9659.347569465637,
      9620.822354316711,
      9638.955800056458,
      9612.330479621887,
      9682.426850318909,
      9623.877202033997,
      9622.580516815186,
      9623.877202033997,
      9653.953804969788,
      9645.404299736023,
      9635.76402759552,
      9611.360626220703,
      9668.267210006714,
      9664.393063545227,
      9679.611017227173,
      9663.059670448303,
      9645.404299736023,
      9648.542944908142,
      9682.426850318909,
      9678.342650413513,
      9648.69181728363,
      9633.951895713806,
      9663.956848144531,
      9682.426850318909,
      9647.51953125,
      9661.623950958252,
      9634.555257797241,
      9632.337948799133,
      9628.050689697266,
      9624.27602481842,
      9639.871948242188,
      9652.124674797058,
      9634.71376132965,
      9630.275101661682,
      9633.789266586304,
      9625.239765167236,
      9645.404299736023,
      9640.63435459137,
      9623.877202033997,
      9630.473457336426,
      9645.14656162262
    ],
    "H1": [
      1077.0458269119263,
      1049.4893054962158,
      1043.2055034637451,
      1058.5801410675049,
      1074.57470703125,
      1055.6795740127563,
      1064.266757965088,
      1048.9571533203125,
      1082.270700454712,
      1043.7367544174194,
      1050.6934232711792,
      1106.0466270446777,
      1061.8920984268188,
      1040.8295335769653,
      1084.2865867614746,
      1067.201307296753,
      1064.906065940857,
      983.6375818252563,
      1055.1314735412598,
      1070.799789428711,
      1052.8259754180908,
      1046.3142318725586,
      1062.429796218872,
      1040.8295335769653,
      1059.4094705581665,
      1064.3579931259155,
      1099.5316762924194,
      1050.6934232711792,
      1059.6320114135742,
      1045.5521936416626,
      1014.9183740615845,
      1039.4733047485352,
      1023.8139905929565,
      1060.8821249008179,
      1028.4848728179932,
      1028.2425632476807,
      1021.5435171127319,
      1033.3567485809326,
      1040.8295335769653,
      1025.6167612075806,
      1032.5608491897583,
      1026.9688930511475,
      1077.6439514160156,
      1017.4926710128784,
      1055.0818090438843,
      1040.8295335769653,
      1040.8295335769653,
      1044.1145238876343,
      1072.6739339828491,
      1029.7944974899292,
      1077.4495029449463,
      1017.8452682495117,
      1023.8245601654053,
      1067.201307296753,
      1053.472575187683,
      1007.0874519348145,
      1089.700499534607,
      1040.8295335769653,
      1058.7195358276367,
      1048.8573122024536,
      1063.4174880981445,
      1054.7761459350586,
      1074.122815132141,
      1040.8295335769653,
      1050.6934232711792,
      1050.3664026260376,
      1050.6934232711792,
      1076.4011487960815,
      1067.201307296753,
      1056.8273782730103,
      1011.1997509002686,
      1056.461441040039,
      1052.8620376586914,
      1094.6230878829956,
      1061.7704315185547,
      1067.201307296753,
      1057.8632879257202,
      1040.8295335769653,
      1069.6708211898804,
      1006.933066368103,
      1051.7727994918823,
      1062.4826011657715,
      1040.8295335769653,
      1053.381368637085,
      1086.9695892333984,
      1046.448452949524,
      1083.3290328979492,
      1034.92636013031,
      1018.8401021957397,
      1033.4218893051147,
      1038.1634273529053,
      1050.5774717330933,
      1086.44087600708,
      1016.7917652130127,
      1030.8386001586914,
      1067.201307296753,
      1053.3572387695312,
      1050.6934232711792,
      1035.3683414459229,
      1066.9214363098145
    ]
  },
  "p_values": {
    "H0": 0.73,
    "H1": 0.28
  },
  "n_permutations": 100
}