{
  "observed": {
    "H0": 19119.4330701828,
    "H1": 2071.2384815216064
  },
  "null_distributions": {
    "H0": [
      19158.1482257843,
      19146.219038963318,
      19155.244156837463,
      19156.606516361237,
      19173.645531654358,
      19139.733489513397,
      19155.77326154709,
      19138.17377948761,
      19118.225251197815,
      19167.61334514618,
      19146.993023872375,
      19135.505494594574,
      19143.33963394165,
      19152.449423789978,
      19191.343240261078,
      19148.66549348831,
      19163.328544139862,
      19145.719533920288,
      19147.242640972137,
      19165.74854660034
    ],
    "H1": [
      2063.842553138733,
      2068.5176734924316,
      2099.551449775696,
      2076.6943221092224,
      2061.7839550971985,
      2087.296066761017,
      2101.1978511810303,
      2071.2948393821716,
      2098.5850415229797,
      2080.772065639496,
      2073.8855719566345,
      2087.832881450653,
      2066.438458919525,
      2086.9052357673645,
      2103.9344024658203,
      2081.8330574035645,
      2088.5622248649597,
      2062.6364302635193,
      2105.513909339905,
      2098.3602385520935
    ]
  },
  "p_values": {
    "H0": 0.95,
    "H1": 0.75
  },
  "n_permutations": 20
}