{
  "n_windows": 54560,
  "window_regime_distribution": {
    "0": 5794,
    "1": 17565,
    "2": 13282,
    "3": 4789,
    "4": 7130,
    "5": 2552,
    "6": 3448
  },
  "n_individuals_with_sequences": 27280,
  "transition_matrix": [
    [
      0.5278854756934089,
      0.12764688338801072,
      0.11601550849985089,
      0.057858634059051596,
      0.07963018192663286,
      0.01938562481359976,
      0.07157769161944527
    ],
    [
      0.025245125662121042,
      0.7839513129719373,
      0.027837259100642397,
      0.028062662008339907,
      0.07742589879409445,
      0.04226304519328299,
      0.015214696269581877
    ],
    [
      0.01716431253352405,
      0.002324333988914715,
      0.9681745038440909,
      0.005721437511174683,
      0.0,
      0.0035758984444841766,
      0.00303951367781155
    ],
    [
      0.04576825281511079,
      0.13730475844533235,
      0.1798038503450781,
      0.40610243370868143,
      0.14965492190337815,
      0.04431529240828187,
      0.0370504903741373
    ],
    [
      0.017272727272727273,
      0.17242424242424242,
      0.0,
      0.07242424242424242,
      0.6615151515151515,
      0.005454545454545455,
      0.07090909090909091
    ],
    [
      0.04780361757105943,
      0.1375968992248062,
      0.4844961240310077,
      0.06266149870801034,
      0.008397932816537468,
      0.25839793281653745,
      0.0006459948320413437
    ],
    [
      0.05053763440860215,
      0.07258064516129033,
      0.21129032258064517,
      0.057526881720430106,
      0.14408602150537633,
      0.002150537634408602,
      0.46182795698924733
    ]
  ],
  "escape_probabilities": {
    "n_starting_disadvantaged": 7453,
    "n_ever_escape": 416,
    "ever_escape_rate": 0.05581644975177781,
    "escape_by_horizon": {
      "1": 0.05581644975177781,
      "2": 0.05581644975177781,
      "3": 0.05581644975177781,
      "4": 0.05581644975177781,
      "5": 0.05581644975177781
    },
    "mean_path_length": 1.0,
    "median_path_length": 1.0
  },
  "phase_ph": {
    "n_landmarks": 1000,
    "elapsed": 9.366152048110962,
    "summaries": {
      "maxmin_vr": {
        "H0": {
          "n_features": 1000,
          "n_finite": 999,
          "n_infinite": 1,
          "total_persistence": 9631.959767341614,
          "max_persistence": 18.3769588470459,
          "persistence_entropy": 6.899066686105627,
          "features": [
            [
              0.0,
              Infinity,
              Infinity
            ],
            [
              0.0,
              18.3769588470459,
              18.3769588470459
            ],
            [
              0.0,
              17.844371795654297,
              17.844371795654297
            ],
            [
              0.0,
              16.787857055664062,
              16.787857055664062
            ],
            [
              0.0,
              16.532283782958984,
              16.532283782958984
            ],
            [
              0.0,
              16.05902671813965,
              16.05902671813965
            ],
            [
              0.0,
              15.978769302368164,
              15.978769302368164
            ],
            [
              0.0,
              15.666938781738281,
              15.666938781738281
            ],
            [
              0.0,
              15.573884963989258,
              15.573884963989258
            ],
            [
              0.0,
              15.230185508728027,
              15.230185508728027
            ],
            [
              0.0,
              14.73571491241455,
              14.73571491241455
            ],
            [
              0.0,
              14.6069974899292,
              14.6069974899292
            ],
            [
              0.0,
              14.077669143676758,
              14.077669143676758
            ],
            [
              0.0,
              14.058253288269043,
              14.058253288269043
            ],
            [
              0.0,
              13.958212852478027,
              13.958212852478027
            ],
            [
              0.0,
              13.925983428955078,
              13.925983428955078
            ],
            [
              0.0,
              13.901823997497559,
              13.901823997497559
            ],
            [
              0.0,
              13.79581356048584,
              13.79581356048584
            ],
            [
              0.0,
              13.739089012145996,
              13.739089012145996
            ],
            [
              0.0,
              13.68151569366455,
              13.68151569366455
            ]
          ]
        },
        "H1": {
          "n_features": 1302,
          "n_finite": 1302,
          "n_infinite": 0,
          "total_persistence": 1062.9887580871582,
          "max_persistence": 3.7066736221313477,
          "persistence_entropy": 6.859150439214728,
          "features": [
            [
              13.082427024841309,
              16.789100646972656,
              3.7066736221313477
            ],
            [
              10.918458938598633,
              14.36940860748291,
              3.4509496688842773
            ],
            [
              9.893649101257324,
              12.874103546142578,
              2.980454444885254
            ],
            [
              9.390035629272461,
              12.348268508911133,
              2.958232879638672
            ],
            [
              9.724275588989258,
              12.669586181640625,
              2.945310592651367
            ],
            [
              12.335030555725098,
              15.268600463867188,
              2.93356990814209
            ],
            [
              9.604931831359863,
              12.532058715820312,
              2.927126884460449
            ],
            [
              10.502039909362793,
              13.353597640991211,
              2.851557731628418
            ],
            [
              9.264165878295898,
              12.099395751953125,
              2.8352298736572266
            ],
            [
              11.361148834228516,
              14.179413795471191,
              2.818264961242676
            ],
            [
              10.893355369567871,
              13.660372734069824,
              2.767017364501953
            ],
            [
              10.003352165222168,
              12.766435623168945,
              2.7630834579467773
            ],
            [
              9.861170768737793,
              12.591551780700684,
              2.7303810119628906
            ],
            [
              12.015392303466797,
              14.664445877075195,
              2.6490535736083984
            ],
            [
              11.283045768737793,
              13.922664642333984,
              2.6396188735961914
            ],
            [
              9.55547046661377,
              12.183256149291992,
              2.6277856826782227
            ],
            [
              10.95029354095459,
              13.577746391296387,
              2.627452850341797
            ],
            [
              11.085245132446289,
              13.691411018371582,
              2.606165885925293
            ],
            [
              9.023871421813965,
              11.617011070251465,
              2.5931396484375
            ],
            [
              10.21300983428955,
              12.750506401062012,
              2.537496566772461
            ]
          ]
        }
      }
    }
  },
  "phase_null_test": {
    "observed": {
      "H0": 9631.959767341614,
      "H1": 1062.9887580871582
    },
    "p_values": {
      "H0": 0.73,
      "H1": 0.28
    },
    "n_permutations": 100
  },
  "escape_clusters": {
    "k_optimal": 2,
    "silhouette": 1.0,
    "cluster_profiles": {
      "0": {
        "n_members": 403,
        "mean_path_length": 1.0,
        "mean_regime_changes": 1.0,