{
  "stratified_markov1": {
    "H0": {
      "mean_wasserstein_obs_null": 37.40181879581002,
      "std_wasserstein_obs_null": 2.47588167449076,
      "median_wasserstein_obs_null": 37.618392131788966,
      "mean_wasserstein_null_null": 7.966061689220276,
      "std_wasserstein_null_null": 2.340373204121733,
      "p_value": 0.0,
      "significant_at_005": true,
      "obs_null_distribution": [
        35.04304303427615,
        40.69031551570717,
        38.92201745912747,
        36.56960695453474,
        39.026988017917915,
        35.0351397539216,
        39.79299094289175,
        36.76775551064387,
        35.66271268324807,
        38.69820445326268,
        37.76978154307412,
        32.808608286714325,
        38.19484160967457,
        41.30812558293799,
        36.59050727601749,
        34.59178852855533,
        35.23232843743874,
        37.391261932255475,
        40.088779886757756,
        37.102215617607165,
        36.90906529825134,
        41.68807247866702,
        38.50023489143396,
        30.047833005493054,
        39.263244110437256,
        37.27777080105412,
        34.48486302258497,
        39.63945650624196,
        35.812608286816236,
        32.47389195442584,
        37.942059777584255,
        33.716575426141105,
        31.863088075130925,
        33.88092551218499,
        41.81770019454274,
        34.54309594420074,
        38.292081564203635,
        36.08964352903278,
        38.29182227852696,
        34.19873553662297,
        36.105204756809194,
        38.175999001132304,
        33.38434113435153,
        40.18341704599699,
        42.43798885452032,
        36.40538835443711,
        40.81901662687848,
        42.18705628870118,
        36.78034784670233,
        38.886811645222146,
        35.45112448461006,
        37.04927552808839,
        34.154762702891496,
        35.68645369192366,
        37.77961269707237,
        37.7384946273535,
        41.04818798813762,
        38.52334969138606,
        37.35052257943293,
        39.31566971925659,
        38.577010578275726,
        39.312897236347816,
        36.60534459746049,
        36.62237538892269,
        35.95068052712094,
        38.859680728800804,
        39.58968462552731,
        38.58153104751328,
        37.758029995834356,
        37.06009011030713,
        40.43387328046032,
        33.49189980406076,
        37.41232935505423,
        38.374648883344925,
        37.837488164687976,
        40.74279651373308,
        36.227231516467405,
        38.677374879423965,
        41.57757536410821,
        40.4921626557245,
        35.862152009571446,
        37.19079614713908,
        37.72747206454542,
        37.366369531654755,
        37.42314725153202,
        38.49214638175016,
        37.91368288233774,
        38.864747168017004,
        36.77578784524043,
        38.647519314468255,
        32.50710280740248,
        40.254958618816886,
        35.75799890098647,
        35.85272381659439,
        37.8722004682917,
        37.50931219903252,
        36.06925626686128,
        40.67113903248582,
        38.117973515728714,
        31.637881620324077
      ],
      "n_null_null_pairs": 500
    },
    "H1": {
      "mean_wasserstein_obs_null": 285.02414883903714,
      "std_wasserstein_obs_null": 5.355370813880813,
      "median_wasserstein_obs_null": 284.78159861246934,
      "mean_wasserstein_null_null": 306.65877981203795,
      "std_wasserstein_null_null": 7.2345335949681395,
      "p_value": 1.0,
      "significant_at_005": false,
      "obs_null_distribution": [
        287.07527120520945,
        294.35716056386707,
        283.1408022429429,
        286.4160183381342,
        291.7277624161594,
        285.25108954937906,
        284.822779123073,
        278.44317506406173,
        291.1285497927919,
        286.6818970872855,
        284.8965382656499,
        277.74566710364047,
        287.10577421211923,
        295.0306869203639,
        280.26554408194727,
        287.0393708303148,
        286.6648590795674,
        277.5645501679788,
        283.0888004279222,
        278.01469097513296,
        281.2662718383428,
        293.3871289038189,
        275.0284635936287,
        277.4764032123339,
        282.9892357806557,
        283.435557908501,
        283.39136800471346,
        282.6268815590038,
        290.4959480036636,
        278.1490781351688,
        295.1150153404356,
        284.1957499528812,
        282.9504613319494,
        286.8120846777741,
        294.34777269279533,
        279.9978923322105,
        281.9808847967894,
        288.3526439741571,
        281.14961523285973,
        281.6255409390207,
        284.7404181018657,
        281.5757977779199,
        278.5208359964766,
        294.78353553918157,
        289.80049855229913,
        283.20574526071897,
        283.5871318330463,
        287.80945724362317,
        276.8457626609705,
        299.5368797784877,
        278.4326310376393,
        280.51473380765356,
        283.4398734880625,
        286.36152697949416,
        282.9401513287545,
        285.8017199730473,
        285.6320307314937,
        286.39858513184123,
        287.72661693645466,
        278.63844745756404,
        283.9636359589514,
        289.8828931569807,
        280.6915956818026,
        283.91812673941314,
        286.20859727348085,
        293.7229826315214,
        286.5104440306612,
        283.66787225498547,
        287.9186047811354,
        286.1433096743526,
        289.29463457750364,
        281.7232588763984,
        287.0927940600258,
        287.93639712862034,
        281.5225201107051,
        288.1108562950634,
        276.59826799893483,
        287.0818057918101,
        281.4402459618763,
        299.31922641075084,
        289.06922579625194,
        277.5243141052252,
        278.30256128704883,
        285.64735686283655,
        281.6475010690746,
        289.88637296711084,
        294.0637637508837,
        277.6306755961276,
        290.456891117088,
        285.7043987148447,
        279.6446989258205,
        278.0217447146588,
        281.72928299482595,
        295.268657517251,
        280.40152251253267,
        281.8878579811015,
        285.16953036019925,
        286.6989128435413,
        294.25121659598204,
        279.1329635214982
      ],
      "n_null_null_pairs": 500
    },
    "null_type": "stratified_markov1",
    "n_permutations": 100,
    "statistic": "wasserstein",
    "elapsed_seconds": 5306.252856254578
  }
}