{
  "regime_shuffle": {
    "test": "regime_shuffle",
    "observed": 358,
    "null_mean": 86.28,
    "null_std": 12.458796089510416,
    "null_min": 42,
    "null_max": 113,
    "p_value": 0.0,
    "n_perms": 100,
    "threshold_std": 1.0,
    "null_distribution": [
      87.0,
      79.0,
      96.0,
      101.0,
      85.0,
      67.0,
      42.0,
      92.0,
      104.0,
      91.0,
      72.0,
      100.0,
      86.0,
      78.0,
      113.0,
      98.0,
      91.0,
      88.0,
      90.0,
      95.0,
      88.0,
      77.0,
      80.0,
      81.0,
      78.0,
      103.0,
      102.0,
      90.0,
      77.0,
      65.0,
      87.0,
      82.0,
      92.0,
      102.0,
      91.0,
      78.0,
      87.0,
      83.0,
      89.0,
      100.0,
      78.0,
      90.0,
      76.0,
      86.0,
      76.0,
      106.0,
      109.0,
      94.0,
      97.0,
      86.0,
      67.0,
      59.0,
      70.0,
      86.0,
      71.0,
      87.0,
      87.0,
      44.0,
      84.0,
      95.0,
      86.0,
      98.0,
      83.0,
      72.0,
      93.0,
      98.0,
      88.0,
      95.0,
      72.0,
      99.0,
      83.0,
      92.0,
      73.0,
      96.0,
      99.0,
      95.0,
      81.0,
      90.0,
      110.0,
      91.0,
      93.0,
      88.0,
      86.0,
      101.0,
      62.0,
      90.0,
      73.0,
      89.0,
      85.0,
      78.0,
      83.0,
      63.0,
      93.0,
      92.0,
      84.0,
      82.0,
      80.0,
      94.0,
      82.0,
      101.0
    ]
  },
  "within_node_shuffle": {
    "test": "within_node_shuffle",
    "observed": 358,
    "null_mean": 9.37,
    "null_std": 5.180067567126899,
    "null_min": 0,
    "null_max": 26,
    "p_value": 0.0,
    "n_perms": 100,
    "threshold_std": 1.0,
    "null_distribution": [
      13.0,
      9.0,
      10.0,
      8.0,
      10.0,
      10.0,
      6.0,
      12.0,
      9.0,
      11.0,
      6.0,
      11.0,
      23.0,
      11.0,
      0.0,
      13.0,
      10.0,
      7.0,
      7.0,
      9.0,
      19.0,
      4.0,
      4.0,
      11.0,
      10.0,
      14.0,
      15.0,
      8.0,
      14.0,
      8.0,
      9.0,
      12.0,
      22.0,
      8.0,
      18.0,
      14.0,
      6.0,
      10.0,
      12.0,
      8.0,
      3.0,
      14.0,
      7.0,
      6.0,
      6.0,
      4.0,
      15.0,
      3.0,
      7.0,
      11.0,
      2.0,
      10.0,
      4.0,
      4.0,
      8.0,
      12.0,
      8.0,
      2.0,
      14.0,
      11.0,
      2.0,
      11.0,
      16.0,
      5.0,
      12.0,
      26.0,
      5.0,
      19.0,
      10.0,
      4.0,
      10.0,
      7.0,
      13.0,
      5.0,
      7.0,
      6.0,
      5.0,
      2.0,
      4.0,
      2.0,
      7.0,
      12.0,
      22.0,
      15.0,
      7.0,
      2.0,
      8.0,
      3.0,
      10.0,
      14.0,
      11.0,
      4.0,
      20.0,
      7.0,
      11.0,
      2.0,
      8.0,
      2.0,
      12.0,
      17.0
    ]
  }
}