{
  "thresholds": [
    0.5,
    1.0,
    1.5,
    2.0
  ],
  "results_by_threshold": {
    "0.5": {
      "pc1": {
        "n_total": 703,
        "per_regime": {
          "0": 26,
          "1": 138,
          "2": 178,
          "3": 4,
          "4": 200,
          "5": 111,
          "6": 46
        }
      },
      "l2": {
        "n_total": 638,
        "per_regime": {
          "0": 22,
          "1": 127,
          "2": 135,
          "3": 6,
          "4": 204,
          "5": 80,
          "6": 64
        }
      }
    },
    "1.0": {
      "pc1": {
        "n_total": 358,
        "per_regime": {
          "0": 13,
          "1": 63,
          "2": 89,
          "3": 0,
          "4": 105,
          "5": 56,
          "6": 32
        }
      },
      "l2": {
        "n_total": 297,
        "per_regime": {
          "0": 18,
          "1": 83,
          "2": 72,
          "3": 6,
          "4": 94,
          "5": 20,
          "6": 4
        }
      }
    },
    "1.5": {
      "pc1": {
        "n_total": 134,
        "per_regime": {
          "0": 0,
          "1": 42,
          "2": 34,
          "3": 0,
          "4": 28,
          "5": 22,
          "6": 8
        }
      },
      "l2": {
        "n_total": 130,
        "per_regime": {
          "0": 0,
          "1": 64,
          "2": 35,
          "3": 0,
          "4": 27,
          "5": 4,
          "6": 0
        }
      }
    },
    "2.0": {
      "pc1": {
        "n_total": 40,
        "per_regime": {
          "0": 0,
          "1": 27,
          "2": 5,
          "3": 0,
          "4": 4,
          "5": 4,
          "6": 0
        }
      },
      "l2": {
        "n_total": 74,
        "per_regime": {
          "0": 0,
          "1": 57,
          "2": 10,
          "3": 0,
          "4": 3,
          "5": 4,
          "6": 0
        }
      }
    }
  },
  "fdr_correction": {
    "R0_PC1": {
      "raw_p": 0.03996972115611927,
      "fdr_adjusted_p": 0.18652536539522324,
      "significant_005": false
    },
    "R1_PC1": {
      "raw_p": 0.1079376620701676,
      "fdr_adjusted_p": 0.25185454483039105,
      "significant_005": false
    },
    "R2_PC1": {
      "raw_p": 0.16440445812925072,
      "fdr_adjusted_p": 0.32880891625850145,
      "significant_005": false
    },
    "R3_PC1": {
      "raw_p": 1.0,
      "fdr_adjusted_p": 1.0,
      "significant_005": false
    },
    "R4_PC1": {
      "raw_p": 0.7840211664108896,
      "fdr_adjusted_p": 1.0,
      "significant_005": false
    },
    "R5_PC1": {
      "raw_p": 0.27850954745787476,
      "fdr_adjusted_p": 0.48739170805128085,
      "significant_005": false
    },
    "R6_PC1": {
      "raw_p": 0.07285492021898488,
      "fdr_adjusted_p": 0.20399377661315765,
      "significant_005": false
    },
    "R0_L2": {
      "raw_p": 9.659687684468214e-05,
      "fdr_adjusted_p": 0.000676178137912775,
      "significant_005": true
    },
    "R1_L2": {
      "raw_p": 6.211185505890289e-06,
      "fdr_adjusted_p": 8.695659708246405e-05,
      "significant_005": true
    },
    "R2_L2": {
      "raw_p": 0.9054405596764272,
      "fdr_adjusted_p": 1.0,
      "significant_005": false
    },
    "R3_L2": {
      "raw_p": 0.061315411172403356,
      "fdr_adjusted_p": 0.20399377661315765,
      "significant_005": false
    },
    "R4_L2": {
      "raw_p": 0.9810129506790143,
      "fdr_adjusted_p": 1.0,
      "significant_005": false
    },
    "R5_L2": {
      "raw_p": 0.9999999985689486,
      "fdr_adjusted_p": 1.0,
      "significant_005": false
    },
    "R6_L2": {
      "raw_p": 0.9999999995094513,
      "fdr_adjusted_p": 1.0,
      "significant_005": false
    }
  }
}