{
  "markov2": {
    "H0": {
      "mean_wasserstein_obs_null": 10.913841313993089,
      "std_wasserstein_obs_null": 2.2996815129392414,
      "median_wasserstein_obs_null": 10.780068953179665,
      "mean_wasserstein_null_null": 7.400934730694416,
      "std_wasserstein_null_null": 2.298291876133946,
      "p_value": 0.08,
      "significant_at_005": false,
      "obs_null_distribution": [
        8.443096574339087,
        14.194644191157595,
        10.836515754187973,
        10.509556999832533,
        7.405380907494968,
        9.46720121948072,
        12.40402195359887,
        8.789539523910163,
        7.5611230410934285,
        6.748778773507507,
        13.05855524643775,
        8.76256061338146,
        10.004348520866134,
        12.26576296183503,
        11.049881541494077,
        12.103851338307049,
        10.886728289291806,
        9.805892105688658,
        9.56083044254638,
        11.018981770566535,
        12.449672851694814,
        10.7512989716569,
        5.675396453979531,
        10.106410279318686,
        9.305382794497339,
        15.358528691935188,
        11.457042004718323,
        7.0212834300954805,
        12.210535850202842,
        18.504522674204534,
        15.055000098081244,
        12.838434547322695,
        13.530491084587316,
        9.139654383063043,
        10.080786472958714,
        9.687402394142277,
        10.580453406022118,
        10.589436829914222,
        14.71601570355975,
        10.081114164031515,
        12.182374930919861,
        9.414837576205061,
        12.288418550189297,
        13.25093919189486,
        12.332134630796604,
        10.411429421611281,
        12.087843603210498,
        11.51480048463521,
        16.29099934133984,
        8.494712281497325,
        8.998616065937917,
        11.943459676348988,
        7.560348551813687,
        13.989768743978274,
        11.204503393497928,
        9.799463688648009,
        10.090344676597262,
        8.434878508994643,
        9.480651342176214,
        13.774506657264906,
        10.912570656645213,
        6.356182623122511,
        12.165265267639562,
        12.400334175210807,
        13.890419251548959,
        11.921590459439257,
        13.768435733750378,
        13.944013704843751,
        14.634128912131207,
        10.547017204625202,
        10.999290172784983,
        8.783078821869811,
        13.53632960831761,
        8.45323951224447,
        9.645640695778264,
        10.669351528682503,
        6.73053591893358,
        9.543693046571173,
        8.98087838560093,
        9.795772709073075,
        6.871625389385222,
        11.399221903710089,
        8.46350999686501,
        10.380665578664852,
        10.822035758121173,
        12.08023162220829,
        9.453485631387952,
        9.216585998338338,
        9.508553364278509,
        8.121308173586236,
        11.876888825436275,
        12.69231600387143,
        12.68208779711357,
        12.915461504794767,
        10.658724508161866,
        10.870740578762824,
        10.808838934702433,
        10.409545249963367,
        14.717127127528768,
        12.196262891052898
      ],
      "n_null_null_pairs": 500
    },
    "H1": {
      "mean_wasserstein_obs_null": 254.3439198766716,
      "std_wasserstein_obs_null": 3.833616584874633,
      "median_wasserstein_obs_null": 254.256838696162,
      "mean_wasserstein_null_null": 242.9453682850918,
      "std_wasserstein_null_null": 5.8115715665327015,
      "p_value": 0.03,
      "significant_at_005": true,
      "obs_null_distribution": [
        256.7473721615939,
        250.7859492712243,
        249.26978517882267,
        254.49539444036355,
        261.77550081874733,
        260.29408595637335,
        249.2718265111495,
        258.46562909675396,
        255.75183631159732,
        257.1690216807155,
        252.67215759173834,
        258.2277860799663,
        258.89297980862295,
        256.2569689347194,
        251.41219840802512,
        249.65242122066374,
        247.79995576952,
        255.30851299696744,
        254.22759753794122,
        255.10509427564463,
        252.41510389136732,
        255.80467923910734,
        261.87724644284145,
        257.6767492128197,
        253.14828279729068,
        247.70946489758148,
        254.62976629278944,
        260.8296911446351,
        254.28607985438276,
        249.18598357531965,
        254.5330488635027,
        250.64706726624829,
        252.26567426377574,
        253.8745499055519,
        255.26598693455875,
        256.7367476019525,
        259.00786195680377,
        253.1817611100734,
        245.30683119759973,
        260.64087990846764,
        247.99511929865852,
        250.8960783171734,
        253.32436262951077,
        255.1086618654477,
        254.21246212445172,
        253.24811043893476,
        253.62678072181978,
        257.5647847787601,
        247.45944275507415,
        260.8863921866611,
        255.22293864373276,
        259.5143075327814,
        258.64148681217387,
        251.23243337847583,
        249.1925088949319,
        250.16017825118,
        260.66543011357953,
        260.2674866703952,
        252.85094264509843,
        253.61445353824993,
        255.03530675913166,
        255.90487830498947,
        250.9319127427148,
        255.6135259000039,
        252.46271455897335,
        252.83759989673985,
        253.52800913120228,
        250.83200679816653,
        253.2852048203222,
        253.53533141650917,
        251.21552150398094,
        254.99780092885996,
        247.18435021499334,
        256.9310203355687,
        252.9936625066281,
        250.5179860407984,
        262.62504122333945,
        255.43670834029916,
        254.98288507925372,
        258.99443260836443,
        258.3840432315561,
        255.54586030835003,
        252.67324572401418,
        261.1561935160423,
        252.6648989831591,
        252.40259672100393,
        261.00560075770915,
        257.3241974725502,
        250.12625278839747,
        256.27424664043053,
        247.89172306881773,
        250.90724656041743,
        255.08769089154111,
        255.33251552415896,
        253.29424878635766,
        256.1683871947018,
        249.34438707584815,
        257.7528309756229,
        251.51887482515284,
        251.40115550558164
      ],
      "n_null_null_pairs": 500
    },
    "null_type": "markov",
    "n_permutations": 100,
    "statistic": "wasserstein",
    "elapsed_seconds": 5139.5035717487335
  }
}