{
  "years": [
    1991,
    1992,
    1993,
    1994,
    1995,
    1996,
    1997,
    1998,
    1999,
    2000,
    2001,
    2002,
    2003,
    2004,
    2005,
    2006,
    2007,
    2008,
    2009,
    2010,
    2011,
    2012,
    2013,
    2014,
    2015,
    2016,
    2017,
    2018,
    2019,
    2020,
    2021,
    2022
  ],
  "betti_0_series": [
    260,
    262,
    266,
    268,
    252,
    265,
    265,
    258,
    259,
    247,
    271,
    261,
    258,
    274,
    269,
    263,
    265,
    267,
    252,
    260,
    258,
    254,
    234,
    252,
    250,
    256,
    247,
    249,
    250,
    246,
    253,
    244
  ],
  "total_persistence_h0": [
    61.907856434875825,
    65.19166805036366,
    66.9874753461347,
    67.18187358614747,
    64.08314084773883,
    65.98419458139688,
    68.43406372127468,
    63.824022499554516,
    69.7541428304405,
    64.02122360031466,
    68.80854727793485,
    65.3537464607507,
    63.94948024535552,
    71.31408599577844,
    72.34226760047247,
    72.96513883955777,
    64.72985199652612,
    72.97657660208642,
    75.54638705868274,
    79.05674108117819,
    75.81897801964303,
    73.87281624067973,
    67.41719700204314,
    73.35342965386047,
    73.03733141999692,
    75.47335666912953,
    75.78641345317234,
    72.62261808908303,
    73.54322158028062,
    73.40714727353995,
    71.94184570445438,
    71.21915365255197
  ],
  "total_persistence_h1": [
    2.601219143718481,
    2.668323129415512,
    2.2275600284337997,
    2.8994132354855537,
    2.2823976911604404,
    2.9763894826173782,
    3.3506877943873405,
    2.8768321350216866,
    2.753862515091896,
    2.266397178173065,
    2.9464711137115955,
    2.6338111385703087,
    2.1873560920357704,
    3.6442080587148666,
    3.030034216120839,
    3.2556053325533867,
    2.334368832409382,
    2.920202925801277,
    3.4102522432804108,
    2.693388357758522,
    3.6701944395899773,
    3.4899803400039673,
    2.7542911246418953,
    2.6822844445705414,
    2.9912269711494446,
    3.2390087991952896,
    3.2126256227493286,
    3.5628370493650436,
    3.275456227362156,
    2.81370110809803,
    2.857395939528942,
    3.153455436229706
  ],
  "recession_years_mask": [
    false,
    false,
    true,
    false,
    false,
    false,
    false,
    false,
    false,
    false,
    false,
    false,
    false,
    false,
    false,
    false,
    false,
    true,
    true,
    true,
    false,
    false,
    false,
    false,
    false,
    false,
    false,
    false,
    false,
    true,
    false,
    false
  ],
  "n_individuals": [
    4729,
    5071,
    5283,
    5454,
    5604,
    5795,
    5917,
    6067,
    8135,
    8529,
    9618,
    9689,
    9747,
    9734,
    9711,
    9694,
    9647,
    9587,
    27175,
    28495,
    28632,
    28577,
    28582,
    28100,
    27729,
    27415,
    27082,
    26768,
    25101,
    23189,
    21448,
    19034
  ],
  "economic_events": {
    "1993": "UK recession (ERM)",
    "2008": "Global Financial Crisis",
    "2009": "GFC trough",
    "2010": "Austerity begins",
    "2020": "COVID-19 shock"
  }
}