{
  "correlations": {
    "betti_0": {
      "gdp_growth": {
        "rho": 0.1689817809243581,
        "p_value": 0.355201838244357,
        "ci_lower": -0.22207713998061376,
        "ci_upper": 0.5034153216401696,
        "n": 32
      },
      "unemployment": {
        "rho": 0.30633617081372866,
        "p_value": 0.08815239118407454,
        "ci_lower": -0.10009762987700654,
        "ci_upper": 0.6430651610317103,
        "n": 32
      },
      "gini": {
        "rho": 0.2899216583686752,
        "p_value": 0.1074895525794914,
        "ci_lower": -0.09614926625711534,
        "ci_upper": 0.624612828300684,
        "n": 32
      }
    },
    "total_persistence_h0": {
      "gdp_growth": {
        "rho": -0.41631571984453697,
        "p_value": 0.017784743103853046,
        "ci_lower": -0.6909748773375655,
        "ci_upper": -0.0512601529011044,
        "n": 32
      },
      "unemployment": {
        "rho": -0.2734526010416703,
        "p_value": 0.1299322719485424,
        "ci_lower": -0.5887273676810341,
        "ci_upper": 0.11989402703293883,
        "n": 32
      },
      "gini": {
        "rho": -0.041830725874569014,
        "p_value": 0.8201787528293174,
        "ci_lower": -0.35764217618888045,
        "ci_upper": 0.285005980784942,
        "n": 32
      }
    },
    "total_persistence_h1": {
      "gdp_growth": {
        "rho": -0.24177912061580348,
        "p_value": 0.18247496839374278,
        "ci_lower": -0.5591915009085262,
        "ci_upper": 0.11153482430773651,
        "n": 32
      },
      "unemployment": {
        "rho": -0.302063335959511,
        "p_value": 0.09290811764246905,
        "ci_lower": -0.6215474025138479,
        "ci_upper": 0.10225495228924553,
        "n": 32
      },
      "gini": {
        "rho": -0.08191850483769766,
        "p_value": 0.6558033867908711,
        "ci_lower": -0.4335375943328951,
        "ci_upper": 0.2535100848901626,
        "n": 32
      }
    }
  },
  "cross_correlations": {
    "betti_0": {
      "gdp_growth": {
        "-2": 0.376271091858485,
        "-1": 0.1785245514706549,
        "0": 0.1689817809243581,
        "1": 0.12227965875627993,
        "2": 0.05922453909817155
      },
      "unemployment": {
        "-2": 0.18115949233857573,
        "-1": 0.2534600088203819,
        "0": 0.30633617081372866,
        "1": 0.3889675952236053,
        "2": 0.4919716498076013
      },
      "gini": {
        "-2": 0.20764457837194392,
        "-1": 0.37195654979571346,
        "0": 0.2899216583686752,
        "1": 0.25728682484039905,
        "2": 0.19742009793444298
      }
    },
    "total_persistence_h0": {
      "gdp_growth": {
        "-2": -0.4348036984184317,
        "-1": -0.4848929068945528,
        "0": -0.41631571984453697,
        "1": -0.37861460827768617,
        "2": -0.4058473118100831
      },
      "unemployment": {
        "-2": -0.28072134488453365,
        "-1": -0.2921417050367113,
        "0": -0.2734526010416703,
        "1": -0.2279835129084832,
        "2": -0.24691090653662157
      },
      "gini": {
        "-2": 0.1898474433240627,
        "-1": 0.20657594971957177,
        "0": -0.041830725874569014,
        "1": -0.16376020091173543,
        "2": -0.21579414067573985
      }
    },
    "total_persistence_h1": {
      "gdp_growth": {
        "-2": -0.15527110010222087,
        "-1": -0.047498888336898665,
        "0": -0.24177912061580348,
        "1": -0.2460085308456722,
        "2": -0.2063819480067767
      },
      "unemployment": {
        "-2": -0.18165631833923826,
        "-1": -0.27236968356323216,
        "0": -0.302063335959511,
        "1": -0.22415016180648217,
        "2": -0.16765005646715603
      },
      "gini": {
        "-2": -0.0613934518212143,
        "-1": -0.1557855819166192,
        "0": -0.08191850483769766,
        "1": -0.0016991979342333122,
        "2": 0.10076627804035089
      }
    }
  },
  "metadata": {
    "n_years": 32,
    "year_range": [
      1991,
      2022
    ],
    "n_bootstrap": 1000,
    "macro_sources": {
      "gdp_growth": "ONS IHYP (Real GDP % change YoY)",
      "unemployment": "ONS MGSX (ILO rate, annual avg)",
      "gini": "ONS/DWP HBAI (before housing costs)"
    }
  }
}