{
  "years": [
    1991,
    1992,
    1993,
    1994,
    1995,
    1996,
    1997,
    1998,
    1999,
    2000,
    2001,
    2002,
    2003,
    2004,
    2005,
    2006,
    2007,
    2008,
    2009,
    2010,
    2011,
    2012,
    2013,
    2014,
    2015,
    2016,
    2017,
    2018,
    2019,
    2020,
    2021,
    2022
  ],
  "mds_coords": [
    [
      -0.6104021222865454,
      -0.005933202255259489
    ],
    [
      -0.43951914927799546,
      -0.36300920704947875
    ],
    [
      -0.38733824249901416,
      -0.15633066916978314
    ],
    [
      -0.3242189710532154,
      0.057696377960510414
    ],
    [
      -0.3825976528781066,
      0.1509821987216419
    ],
    [
      -0.3116220831638604,
      -0.02371492899440792
    ],
    [
      -0.1983539120875195,
      -0.3349487219054636
    ],
    [
      -0.4863369204778567,
      -0.24835299797914676
    ],
    [
      0.03918077026877488,
      0.35847597292500466
    ],
    [
      -0.34592877949830425,
      0.2023364635906731
    ],
    [
      -0.23133396077194124,
      0.27659052071383305
    ],
    [
      -0.366016202186625,
      -0.22624309132175915
    ],
    [
      -0.4765230271122438,
      0.1985026892920904
    ],
    [
      -0.09910185511954821,
      -0.2587359618046791
    ],
    [
      -0.051904636697163484,
      0.3367051839209535
    ],
    [
      0.1684502953626915,
      0.1226461477858617
    ],
    [
      -0.48061557847171327,
      -0.012116588012665063
    ],
    [
      0.08486318561354078,
      -0.22401065423825645
    ],
    [
      0.5409099664168321,
      0.06165428388906727
    ],
    [
      0.6605662759990906,
      0.342385758783758
    ],
    [
      0.3070297275267725,
      -0.3434302905448549
    ],
    [
      0.34748594531895344,
      0.2241620866626439
    ],
    [
      0.014506268103209671,
      -0.01405027160195046
    ],
    [
      0.31077388606185713,
      -0.19725956024171643
    ],
    [
      0.23125279565500162,
      -0.137781041967583
    ],
    [
      0.41241096592556303,
      -0.12046175001750865
    ],
    [
      0.5095425216677969,
      -0.08004443301859132
    ],
    [
      0.414365989309333,
      0.13893870212215187
    ],
    [
      0.37154973018651244,
      -0.07618859320743558
    ],
    [
      0.34270631260974593,
      0.009707164712035794
    ],
    [
      0.23566125797765344,
      0.3151280021805539
    ],
    [
      0.20055719957832463,
      0.02670041006976001
    ]
  ],
  "within_bhps_mean": 0.4596042016243344,
  "within_usoc_mean": 0.3891868859757529,
  "cross_era_mean": 0.7030420267989038
}