{
  "order_shuffle": {
    "H0": {
      "mean_wasserstein_obs_null": 16.1671071291984,
      "std_wasserstein_obs_null": 1.6042154783065905,
      "median_wasserstein_obs_null": 16.045908858994935,
      "mean_wasserstein_null_null": 6.359961555709866,
      "std_wasserstein_null_null": 1.69702617306551,
      "p_value": 0.0,
      "significant_at_005": true,
      "obs_null_distribution": [
        15.013105125722719,
        16.34709680338878,
        15.044039382198259,
        16.512738975026,
        17.10609658187281,
        14.916254235808152,
        17.887705057552996,
        14.396180932349699,
        15.702836116169895,
        15.68279834439252,
        17.927546759517263,
        18.06080249094816,
        13.894774923885052,
        15.839741484922396,
        16.436780829524093,
        22.37625602133783,
        15.172296381840821,
        15.126268772184407,
        13.845746477729955,
        14.715782566462261,
        15.943149284072199,
        14.372169141504203,
        15.062470772528513,
        17.560027004198645,
        16.857888956095774,
        16.59315331653564,
        13.61199737995922,
        17.880367826031193,
        15.219868209970137,
        14.886456748261377,
        17.31423731208955,
        18.337002090693442,
        16.640679049463515,
        17.048126649409696,
        15.161397978059863,
        16.558305737164847,
        16.918702943693432,
        16.87153624991837,
        14.90896570432639,
        15.868029235550441,
        15.669576341798221,
        17.22510466291895,
        15.355794207323656,
        18.541683881190547,
        12.84842395672802,
        15.691689928482079,
        14.275389719186492,
        15.265271750598323,
        17.019285503425966,
        16.14234708641621,
        14.87486351141134,
        17.833572181667236,
        21.156393821995234,
        16.140418787899726,
        14.431800936264008,
        17.71106969494419,
        16.082285138256786,
        16.009532579733083,
        17.371338449784275,
        14.847377250560431,
        15.589912924677344,
        14.086002178978891,
        17.330870324816058,
        19.299237979121756,
        14.718865253781141,
        16.583314262302903,
        16.129958061734204,
        15.683982128886317,
        18.918496866340686,
        13.378541727262283,
        15.046924054610228,
        16.501217811178122,
        17.630179473640933,
        14.494910184209289,
        17.5589248812552,
        15.719947482480189,
        17.71827307764276,
        17.312970585276997,
        14.133176589548848,
        14.86099659046062,
        16.950533733969223,
        15.678781696922117,
        16.258054424269194,
        15.75666729172239,
        14.832586571714296,
        15.364164508756565,
        18.574294492089006,
        15.32775692255728,
        18.66142276276829,
        13.748123893844046,
        16.461527412863937,
        16.763483741475866,
        16.42301414378351,
        18.37295675941268,
        16.306889757682026,
        13.61918527243888,
        14.903439183658605,
        18.44420625104638,
        16.319636722530728,
        15.134685695184775
      ],
      "n_null_null_pairs": 500
    },
    "H1": {
      "mean_wasserstein_obs_null": 161.59397858334304,
      "std_wasserstein_obs_null": 3.4661831351174532,
      "median_wasserstein_obs_null": 161.50753603214196,
      "mean_wasserstein_null_null": 155.66028712506764,
      "std_wasserstein_null_null": 4.730011130682674,
      "p_value": 0.098,
      "significant_at_005": false,
      "obs_null_distribution": [
        164.92226820170004,
        159.9314373043577,
        158.80377701221823,
        160.01807415104952,
        163.31860172174237,
        166.25252080035776,
        154.74145538510479,
        159.7972740267282,
        164.48081049332228,
        161.9353793768861,
        157.8994162069072,
        159.53211486973441,
        161.51461997099133,
        168.46891590780518,
        164.457624784022,
        161.12750661671208,
        164.0217231914657,
        168.0943292073599,
        159.03623254743655,
        163.05826109593437,
        154.10373667623125,
        155.02553850550265,
        158.62614436200937,
        153.6314891235588,
        158.6804494071405,
        161.5004520932926,
        160.9866616263183,
        155.87366880270662,
        169.0268926902661,
        164.4606399132909,
        163.46159851322022,
        168.39932521746658,
        160.33883775373593,
        163.29008775991343,
        162.6912192112325,
        158.85104960983753,
        164.57922207240932,
        155.92291621985194,
        166.17378037764567,
        159.07094084745188,
        160.8948140048299,
        159.96370695144765,
        161.4462425731795,
        160.52091018202321,
        161.83758648896986,
        164.69593841006292,
        165.55989878616634,
        161.11531382289536,
        161.74071866362996,
        168.58276742244985,
        158.81160250656507,
        162.79322108337277,
        163.6296566298548,
        158.4606537682111,
        162.3398682145658,
        163.16182023709513,
        160.12728511193015,
        162.3847186559336,
        160.4003587782366,
        167.17955170456963,
        154.65899071763837,
        159.8949437166088,
        159.93995686918393,
        161.48525441989224,
        166.6493896934538,
        157.4873446811087,
        161.32706833357244,
        161.79312385721641,
        158.0312594782459,
        159.21131287366163,
        162.96091683738726,
        168.00063872243823,
        161.5189931590078,
        160.99212870954548,
        165.6614767860284,
        165.15163733483226,
        159.82171428592792,
        166.57024022038877,
        164.4271682435,
        161.94604077990175,
        163.8048963990262,
        157.60489092118192,
        153.20040161208203,
        166.2949190139205,
        160.63295466669646,
        159.7669464735399,
        162.56965110179962,
        164.38815171386713,
        158.7342329424448,
        163.99580591478755,
        158.40758196392167,
        162.86584648607882,
        161.63641898090154,
        162.80632216651549,
        161.04222670157023,
        160.56494980827273,
        161.73095213396482,
        164.03469484007803,
        156.33677612822615,
        159.6960109949805
      ],
      "n_null_null_pairs": 500
    },
    "null_type": "order_shuffle",
    "n_permutations": 100,
    "statistic": "wasserstein",
    "elapsed_seconds": 584.6398825645447
  },
  "markov": {
    "H0": {
      "mean_wasserstein_obs_null": 19.30598311602523,
      "std_wasserstein_obs_null": 2.6731348818620835,
      "median_wasserstein_obs_null": 19.386502243573936,
      "mean_wasserstein_null_null": 7.963029310712156,
      "std_wasserstein_null_null": 2.3492185592924426,
      "p_value": 0.0,
      "significant_at_005": true,