{
  "H0": {
    "mean_wasserstein_obs_null": 6.12035939021569,
    "std_wasserstein_obs_null": 1.413576611256615,
    "median_wasserstein_obs_null": 6.083490211411142,
    "mean_wasserstein_null_null": 6.8834048858796235,
    "std_wasserstein_null_null": 2.1025913452240266,
    "p_value": 0.588,
    "significant_at_005": false,
    "obs_null_distribution": [
      5.285722510503618,
      7.4537205053956725,
      4.546696057229499,
      8.586873623981253,
      6.6513712986751905,
      7.049103538255993,
      7.025138242758275,
      6.412328095933535,
      8.673541949236933,
      5.880670682561333,
      6.094951690169662,
      6.698920829779411,
      4.1993103575731885,
      6.053966763633699,
      4.145812113461228,
      2.953614608747752,
      6.085627173544618,
      7.42657075046119,
      4.784292269121053,
      4.595098415936471,
      8.581624602463322,
      7.065692285532814,
      5.5130440326129095,
      4.789155690592196,
      8.69271655005325,
      7.276970357550325,
      6.1678504443239826,
      6.47932726511299,
      3.9143408949485194,
      5.638955776653064,
      5.972215068041259,
      8.346129139474824,
      4.621227638210381,
      6.593590940803205,
      8.883074065995979,
      8.16515057148411,
      5.956056278497537,
      6.536180692120916,
      6.37239916182987,
      5.017222831696573,
      9.121315185646667,
      4.961213063500147,
      5.506789394411814,
      8.02070437151649,
      5.859537627435572,
      4.787047320998321,
      4.003593451200734,
      6.081353249277667,
      5.414466590390917,
      4.5638007938153375,
      6.0605265843678,
      7.666182790642884,
      6.266135263273206,
      6.025369628026362,
      7.516247347906233,
      7.600803580112588,
      4.343067784155127,
      5.6528034810350665,
      6.231683743813873,
      4.355742030895753,
      5.679624048980733,
      6.199652858874734,
      4.571408134452167,
      4.012223161284247,
      7.043133756869435,
      8.781387321790705,
      6.882708707816219,
      6.378970434140345,
      6.5179448734212215,
      6.541474084077171,
      7.162779541690232,
      4.354922577989687,
      9.076269547090781,
      6.385808372405755,
      5.1767569749157225,
      6.299734504225447,
      7.038317126868497,
      6.646617206923543,
      5.17831707202473,
      4.417241316893179,
      6.093710154230627,
      5.518257160198054,
      4.7733262699856835,
      10.566606165327174,
      4.605997516136473,
      6.413943427336433,
      4.888874694037601,
      4.573278752530603,
      6.381896021132541,
      3.574466975912704,
      7.036550507430708,
      5.655690531972256,
      5.095213019105876,
      7.6481824389438104,
      5.2765769561992775,
      5.5087803438790885,
      4.956721110254135,
      6.215388839109805,
      5.641637795812384,
      6.040909671919164
    ],
    "n_null_null_pairs": 500
  },
  "H1": {
    "mean_wasserstein_obs_null": 225.77845697777337,
    "std_wasserstein_obs_null": 4.040767856098057,
    "median_wasserstein_obs_null": 226.03545003865233,
    "mean_wasserstein_null_null": 230.3379043962452,
    "std_wasserstein_null_null": 5.369569338269779,
    "p_value": 0.822,
    "significant_at_005": false,
    "obs_null_distribution": [
      232.4548908116797,
      224.08933088727306,
      225.98566466701675,
      227.7601867245946,
      224.12278926438074,
      227.36900139049362,
      227.43263715916297,
      231.61463191636278,
      233.6649747490857,
      223.5119942925182,
      227.82818699092226,
      224.48355402915715,
      222.53122059280386,
      221.18289344596124,
      228.35808858524118,
      222.15327765366573,
      232.72401467241454,
      223.93628271916472,
      224.14996578880962,
      227.81253584723032,
      216.19959913993364,
      233.7728601961877,
      226.9534531076583,
      225.987852699536,
      217.1067033800729,
      225.2145727312934,
      218.44224595983266,
      228.60411196044194,
      221.8910613158423,
      217.6675588414497,
      227.0186005538215,
      224.01871826842196,
      227.79178819863435,
      226.12238062066655,
      226.76687289386157,
      222.98448554397896,
      223.90016386018473,
      230.7836107355133,
      225.87216211124095,
      227.86171847490036,
      221.55180328270941,
      225.66822997868564,
      223.93617185600175,
      226.7736105456951,
      222.48873549069154,
      226.75080138756468,
      220.09554343688455,
      221.44253807302957,
      221.9422295422611,
      224.1638398357722,
      223.25319518732672,
      228.5850689410336,
      230.65644112463295,
      222.51414371096948,
      217.4256671127558,
      230.76612827650808,
      233.282094896921,
      220.03847711510426,
      226.79628431760528,
      225.81017765029912,
      228.8740209885343,
      226.1115980262611,
      227.40859843799942,
      236.75410964309592,
      226.8411760648164,
      223.43263288213083,
      228.664827308703,
      231.34607656513757,
      228.3754883754944,
      220.4286413747651,
      226.08304737776865,
      225.13000564884408,
      218.6492038288159,
      219.9439562078007,
      231.41475404210615,
      226.11721447485203,
      217.30064965751552,
      231.032940875829,
      223.7189754181218,
      226.30295043029702,
      227.21459129615292,
      226.31758293650077,
      224.2557275892376,
      225.63202563763852,
      222.6150096042318,
      221.4197805525913,
      226.4794059354712,
      224.33646565311273,
      224.8510943941906,
      228.40140294656658,
      223.36845804247108,
      229.85831576567224,
      225.5090840501892,
      229.92348337338257,
      225.12344313719925,
      231.9153421451025,
      228.96689866368266,
      228.36757231960277,
      227.27106805751748,
      230.02025350406998
    ],
    "n_null_null_pairs": 500
  },
  "null_type": "markov",
  "n_permutations": 100,
  "statistic": "wasserstein",
  "positive_control": true,
  "synthetic_cloud_seed": 44,
  "null_draws_seed": 45,
  "n_landmarks": 5000,
  "checkpoint_dir": "results\\trajectory_tda_integration",
  "elapsed_seconds": 5297.156685113907
}