{
  "silhouette_scores": {
    "2": 0.22324150800704956,
    "3": 0.19888901710510254,
    "4": 0.2154458910226822,
    "5": 0.21401935815811157,
    "6": 0.21244506537914276,
    "7": 0.21490156650543213,
    "8": 0.1713351011276245,
    "9": 0.17192648351192474,
    "10": 0.17450866103172302,
    "11": 0.17375928163528442,
    "12": 0.15120261907577515
  },
  "best_k": 2,
  "best_silhouette": 0.22324150800704956
}