{
  "om_best_k": 2,
  "om_best_silhouette": 0.22324150800704956,
  "silhouette_scores": {
    "2": 0.22324150800704956,
    "3": 0.19888901710510254,
    "4": 0.2154458910226822,
    "5": 0.21401935815811157,
    "6": 0.21244506537914276,
    "7": 0.21490156650543213,
    "8": 0.1713351011276245,
    "9": 0.17192648351192474,
    "10": 0.17450866103172302,
    "11": 0.17375928163528442,
    "12": 0.15120261907577515
  },
  "om_profiles": {
    "0": {
      "n": 10962,
      "fraction": 0.4018328445747801,
      "state_frequencies": {
        "EL": 0.018003956756009448,
        "EM": 0.03749312932399949,
        "EH": 0.09193380055448953,
        "UL": 0.015224966908053998,
        "UM": 0.009662258923342652,
        "UH": 0.007202699690384418,
        "IL": 0.29849897563362243,
        "IM": 0.2714046307642368,
        "IH": 0.2505755814458595
      },
      "dominant_state": "IL"
    },
    "1": {
      "n": 16318,
      "fraction": 0.5981671554252199,
      "state_frequencies": {
        "EL": 0.10488270666295174,
        "EM": 0.20947734905940454,
        "EH": 0.5504941416388947,
        "UL": 0.018639858935851145,
        "UM": 0.011095700475526516,
        "UH": 0.010896886950937741,
        "IL": 0.021886902981399867,
        "IM": 0.026814646725174838,
        "IH": 0.04581180656986484
      },
      "dominant_state": "EH"
    }
  },
  "comparison_best_k": {
    "ari": 0.2011771320309534,
    "correlation_matrix": [
      [
        0.3994599057085907,
        -0.06091810495634076
      ],
      [
        0.8037514285172138,
        0.9713788674260839
      ]
    ],
    "best_matches": {
      "0": {
        "gmm_regime": 0,
        "correlation": 0.3994599057085907
      },
      "1": {
        "gmm_regime": 1,
        "correlation": 0.9713788674260839
      }
    },
    "om_k": 2,
    "gmm_k": 2,
    "gmm_profiles_freq": {
      "0": {
        "n": 3787,
        "fraction": 0.13881964809384165,
        "state_frequencies": {
          "EL": 0.06054262171241341,
          "EM": 0.1186008164883262,
          "EH": 0.23230208749089085,
          "UL": 0.06943601684821706,
          "UM": 0.07419135744987383,
          "UH": 0.06231687509744072,
          "IL": 0.10679545346828155,
          "IM": 0.1481110079076802,
          "IH": 0.12770376353687676
        },
        "dominant_state": "EH"
      },
      "1": {
        "n": 7358,
        "fraction": 0.2697214076246334,
        "state_frequencies": {
          "EL": 0.0,
          "EM": 0.14472785979988986,
          "EH": 0.7786583037330683,
          "UL": 0.0,
          "UM": 0.000817430281958686,
          "UH": 0.0018732332268619283,
          "IL": 0.0,
          "IM": 0.0,
          "IH": 0.07392317295823672
        },
        "dominant_state": "EH"
      }
    }
  },
  "comparison_at_gmm_k": {
    "k": 7,
    "ari": 0.2611807251002594,
    "profiles": {
      "0": {
        "n": 3438,
        "fraction": 0.12602639296187684,
        "state_frequencies": {
          "EL": 0.02742328449134727,
          "EM": 0.02705292574402523,
          "EH": 0.012539089764220671,
          "UL": 0.028899668297574038,
          "UM": 0.008321264734877303,
          "UH": 0.0023120083329507403,
          "IL": 0.7149171121684195,
          "IM": 0.15035749106429735,
          "IH": 0.02817715540228627
        },
        "dominant_state": "IL"
      },
      "1": {
        "n": 2086,
        "fraction": 0.07646627565982404,
        "state_frequencies": {
          "EL": 0.0027462071325925585,
          "EM": 0.004288927754891317,
          "EH": 0.03374906493314931,
          "UL": 0.0026926732583491928,
          "UM": 0.0048128684993498,
          "UH": 0.015320465727944177,
          "IL": 0.040458846043697386,
          "IM": 0.1433590139486596,
          "IH": 0.7525719327013664
        },
        "dominant_state": "IH"
      },
      "2": {
        "n": 2949,
        "fraction": 0.10810117302052787,
        "state_frequencies": {
          "EL": 0.006747688843314481,
          "EM": 0.018055991708077184,
          "EH": 0.01757443980231369,
          "UL": 0.009645119207682802,
          "UM": 0.01526302904736274,
          "UH": 0.007670536765145111,
          "IL": 0.1729534171039763,
          "IM": 0.5671101307418702,
          "IH": 0.18497964678025672
        },
        "dominant_state": "IM"
      },
      "3": {
        "n": 2489,
        "fraction": 0.09123900293255131,
        "state_frequencies": {
          "EL": 0.031117155243310355,
          "EM": 0.10277135480028272,
          "EH": 0.33846579294550266,
          "UL": 0.01345064470817786,
          "UM": 0.008942891847672892,
          "UH": 0.006600403747852513,
          "IL": 0.08831818375812005,
          "IM": 0.19556200462186807,
          "IH": 0.2147715683272128
        },
        "dominant_state": "EH"
      },
      "4": {
        "n": 9003,
        "fraction": 0.33002199413489736,
        "state_frequencies": {
          "EL": 0.023004024003691004,
          "EM": 0.08537064401776093,
          "EH": 0.788247579367231,
          "UL": 0.003572786944996214,
          "UM": 0.0052573532580197065,
          "UH": 0.010418930545554997,
          "IL": 0.008175927519479674,
          "IM": 0.016669546159716185,
          "IH": 0.059283208183574805
        },
        "dominant_state": "EH"
      },
      "5": {
        "n": 1775,
        "fraction": 0.06506598240469208,
        "state_frequencies": {
          "EL": 0.5032395022817557,
          "EM": 0.2001821183511324,
          "EH": 0.14931313756665918,
          "UL": 0.03616942681731418,
          "UM": 0.005232420161997624,
          "UH": 0.003935970133153231,
          "IL": 0.061573815855505955,
          "IM": 0.017683030584439062,
          "IH": 0.022670578248043045
        },
        "dominant_state": "EL"
      },
      "6": {
        "n": 5540,
        "fraction": 0.20307917888563048,
        "state_frequencies": {
          "EL": 0.11031058892972201,
          "EM": 0.41414011079173685,
          "EH": 0.292660582498129,
          "UL": 0.03750878784272309,
          "UM": 0.022462119709412098,
          "UH": 0.013903866891231513,
          "IL": 0.03145290329405869,
          "IM": 0.04622709420543392,
          "IH": 0.03133394583755612
        },
        "dominant_state": "EM"
      }
    },
    "details": {
      "ari": 0.2611807251002594,