{
  "markov": {
    "H0": {
      "mean_wasserstein_obs_null": 9.652572727796759,
      "std_wasserstein_obs_null": 2.1003696944164383,
      "median_wasserstein_obs_null": 9.900967076364868,
      "mean_wasserstein_null_null": 6.015629134747258,
      "std_wasserstein_null_null": 1.9285743098632115,
      "p_value": 0.034,
      "significant_at_005": true,
      "obs_null_distribution": [
        7.340472408549007,
        10.420589170356786,
        7.875770595084372,
        9.434324740449194,
        11.177734603061884,
        8.306632878462874,
        12.347749091979498,
        10.816520307255368,
        7.436443719322643,
        9.664613857304989,
        8.143569215989638,
        11.07050244199359,
        7.192863709532619,
        10.666633372460554,
        11.35671136994679,
        9.464279382920058,
        11.02983869500629,
        7.732371873051491,
        7.948268408788382,
        7.310651154768295,
        10.136078191909036,
        12.029554852556394,
        8.29975502226349,
        12.427131864317351,
        5.821843417444691,
        11.383415579343149,
        9.467093416915374,
        12.576365807460602,
        12.847509973583174,
        13.125612781439632,
        9.845922888411016,
        9.35197347142413,
        11.471161130916716,
        10.647292057445082,
        13.879256451413484,
        10.091855625911462,
        10.02762082033722,
        4.403251977158772,
        9.956011264318718,
        10.250212662715029,
        5.183049972607626,
        7.116262098553214,
        10.173491117874265,
        13.151142635451786,
        9.460380154377267,
        7.902085548894103,
        8.422446399880087,
        10.604297263370624,
        7.428341861616174,
        8.411679083643943
      ],
      "n_null_null_pairs": 500
    },
    "H1": {
      "mean_wasserstein_obs_null": 82.7431429774484,
      "std_wasserstein_obs_null": 2.444309133880021,
      "median_wasserstein_obs_null": 82.93248858337937,
      "mean_wasserstein_null_null": 79.43047157298902,
      "std_wasserstein_null_null": 3.5079415787368,
      "p_value": 0.208,
      "significant_at_005": false,
      "obs_null_distribution": [
        82.84916056583099,
        81.67667795355649,
        79.4987117541877,
        83.94721883521173,
        83.35566609161513,
        81.31393474130653,
        83.91693645358289,
        81.47376210633736,
        86.0861279460388,
        81.74650313006272,
        85.29803124913298,
        84.59812050775015,
        80.77606411950629,
        82.16563126469096,
        81.27489421295226,
        83.01581660092775,
        79.69746541733649,
        81.61256493479536,
        80.58345310868688,
        85.8847651998503,
        85.15068772097199,
        85.34248656863777,
        81.15856165254417,
        80.68786917476528,
        84.84228148374373,
        86.36443443469085,
        77.94548001182321,
        83.11106748876395,
        81.59593372606619,
        83.98953769368298,
        85.49313052057398,
        84.51062898198276,
        82.68227647153033,
        87.0625114750235,
        83.35402786216768,
        83.22894765348816,
        80.26178373214424,
        78.67542915017803,
        83.53630209449962,
        81.30404279254438,
        81.89741660033478,
        85.61760400157455,
        80.87566355978811,
        86.8542886025564,
        84.98910111491801,
        79.58719510958296,
        85.76558666381753,
        83.37369240076657,
        81.68750215687449,
        75.44017177902504
      ],
      "n_null_null_pairs": 500
    },
    "H2": {
      "mean_wasserstein_obs_null": 65.06339802170385,
      "std_wasserstein_obs_null": 3.2722254599419895,
      "median_wasserstein_obs_null": 65.28919204631319,
      "mean_wasserstein_null_null": 66.87488457611066,
      "std_wasserstein_null_null": 3.5867883645938585,
      "p_value": 0.69,
      "significant_at_005": false,
      "obs_null_distribution": [
        63.1183096455672,
        65.0516162655539,
        59.22558092031381,
        66.42108041737626,
        65.69293921968584,
        61.12186745814118,
        71.82544151418323,
        61.55217812522665,
        65.46476272749629,
        68.79792288284935,
        67.85985140934864,
        71.36138498110641,
        59.79711087403566,
        65.60061201962306,
        63.261995279766346,
        65.62452436828518,
        61.86240165538094,
        61.232047312516535,
        63.934158923880965,
        68.83179998294722,
        68.29388964782105,
        65.42466618073333,
        62.43266335986163,
        65.81567587554193,
        62.06564386464725,
        68.18180844925432,
        61.497792285846195,
        65.80423567936955,
        66.81366867516482,
        71.65681382234958,
        69.33479759595048,
        62.156662904738695,
        62.623852800990406,
        66.37963346040367,
        69.05050782524893,
        62.96211779740771,
        64.92043516280637,
        63.42910907302154,
        64.09192301749697,
        65.63211148721116,
        65.15371791189304,
        65.9356089200023,
        65.08278036548462,
        72.04600628253151,
        67.13846280504669,
        62.69873688797448,
        66.25086689074541,
        63.492327241257435,
        61.7644042755979,
        57.40139455550878
      ],
      "n_null_null_pairs": 500
    },
    "null_type": "markov",
    "n_permutations": 50,
    "statistic": "wasserstein",
    "elapsed_seconds": 4528.046603441238
  }
}