{
  "n_permutations_original": 20,
  "n_permutations_new": 500,
  "n_landmarks": 3000,
  "n_phase_windows": 50000,
  "original_p_values": {
    "H0": 0.95,
    "H1": 0.75
  },
  "original_observed": {
    "H0": 19119.4330701828,
    "H1": 2071.2384815216064
  },
  "new_p_values": {
    "H0": 0.98,
    "H1": 0.542
  },
  "new_observed": {
    "H0": 19119.4330701828,
    "H1": 2071.2384815216064
  },
  "p_value_confidence_intervals": {
    "H0": {
      "p_value": 0.98,
      "ci_lower": 0.968,
      "ci_upper": 0.992,
      "ci_level": 0.95,
      "n_perms": 500
    },
    "H1": {
      "p_value": 0.542,
      "ci_lower": 0.498,
      "ci_upper": 0.586,
      "ci_level": 0.95,
      "n_perms": 500
    }
  },
  "null_distribution_stats": {
    "H0": {
      "mean": 19150.22594158077,
      "std": 17.193014779374394,
      "min": 19089.903399944305,
      "max": 19199.677183628082,
      "p5": 19124.975962638855,
      "p95": 19178.680915308
    },
    "H1": {
      "mean": 2077.9932845897674,
      "std": 19.939828705681734,
      "min": 2025.3797602653503,
      "max": 2141.29115152359,
      "p5": 2048.7034826278687,
      "p95": 2115.407596564293
    }
  },
  "elapsed_seconds": 7080.564982652664
}