{
  "H0": {
    "observed": 20411.12756752968,
    "null_mean": 19364.187196688654,
    "null_std": 73.78436130414443,
    "null_p95": 19477.98749382496,
    "p_value": 0.0,
    "significant_at_005": true,
    "null_distribution": [
      19263.224806785583,
      19367.714343070984,
      19417.346615314484,
      19491.32401561737,
      19377.630870580673,
      19396.637422561646,
      19466.262023448944,
      19393.00532102585,
      19271.269279241562,
      19436.086004257202,
      19463.52049612999,
      19289.614759922028,
      19411.225680351257,
      19465.271314144135,
      19293.472359895706,
      19372.181548833847,
      19349.222584962845,
      19250.408622026443,
      19284.196640968323,
      19301.21792793274,
      19415.45424580574,
      19330.05325770378,
      19383.714983940125,
      19320.699195861816,
      19350.076008796692,
      19418.696905612946,
      19426.481152296066,
      19417.739496469498,
      19311.830814123154,
      19425.96791434288,
      19524.21217393875,
      19280.078820705414,
      19432.382263422012,
      19351.972271680832,
      19470.722443580627,
      19229.433354854584,
      19379.45005631447,
      19479.93352675438,
      19346.253296136856,
      19267.82360434532,
      19358.357636213303,
      19414.225166797638,
      19296.856091976166,
      19337.440917015076,
      19392.35926938057,
      19410.477549552917,
      19422.762026786804,
      19163.594718694687,
      19273.003252267838,
      19220.9437353611,
      19411.34837245941,
      19355.381785154343,
      19395.86149787903,
      19362.709694862366,
      19315.234946489334,
      19308.465160131454,
      19369.874130487442,
      19383.9356508255,
      19364.263343811035,
      19303.105986595154,
      19430.298011541367,
      19464.785289287567,
      19308.83980321884,
      19434.373742341995,
      19337.750128507614,
      19315.970418930054,
      19396.51495361328,
      19359.086044311523,
      19360.088280916214,
      19263.741411685944,
      19340.422307491302,
      19373.23354625702,
      19457.14295911789,
      19370.092681884766,
      19388.47616481781,
      19278.56883597374,
      19419.793918132782,
      19361.91603398323,
      19334.931736707687,
      19184.181205034256,
      19547.517885923386,
      19418.638721227646,
      19445.78821825981,
      19415.858536720276,
      19320.13426041603,
      19375.901267290115,
      19293.83679509163,
      19386.91752099991,
      19260.440692663193,
      19364.47069978714,
      19365.160634994507,
      19361.506697893143,
      19281.62647342682,
      19484.80820608139,
      19215.202531337738,
      19392.023389816284,
      19344.8770339489,
      19477.8850710392,
      19276.6848692894,
      19425.22333240509
    ]
  },
  "H1": {
    "observed": 2224.6842234134674,
    "null_mean": 2156.7153162145614,
    "null_std": 30.778903142863552,
    "null_p95": 2204.271282875538,
    "p_value": 0.02,
    "significant_at_005": true,
    "null_distribution": [
      2186.1821055412292,
      2152.094245672226,
      2098.738156557083,
      2156.448089838028,
      2127.7663927078247,
      2140.0401225090027,
      2176.184653043747,
      2185.6666555404663,
      2134.804510831833,
      2183.173853158951,
      2121.2997331619263,
      2157.179645061493,
      2149.1123757362366,
      2233.26286816597,
      2112.8959727287292,
      2152.4444081783295,
      2163.684866666794,
      2091.2398986816406,
      2144.78791308403,
      2164.053606271744,
      2163.806397676468,
      2163.3996455669403,
      2202.3831634521484,
      2112.5197286605835,
      2168.8680226802826,
      2163.4406666755676,
      2144.4517912864685,
      2160.420270681381,
      2200.0038170814514,
      2144.652729511261,
      2186.4215803146362,
      2164.6754791736603,
      2147.432733297348,
      2144.8842375278473,
      2142.482483625412,
      2163.0837304592133,
      2173.754301548004,
      2174.580094099045,
      2132.4344923496246,
      2177.2341043949127,
      2141.1010053157806,
      2137.8356437683105,
      2122.202249288559,
      2134.514984369278,
      2156.9264307022095,
      2142.8163578510284,
      2169.017644882202,
      2162.9347903728485,
      2131.6904373168945,
      2079.7637798786163,
      2134.6723425388336,
      2194.0032484531403,
      2190.950592517853,
      2163.0093042850494,
      2134.8920381069183,
      2175.6047654151917,
      2148.049098968506,
      2155.092665910721,
      2149.617445230484,
      2151.9677839279175,
      2104.6487305164337,
      2129.3708543777466,
      2174.5058228969574,
      2194.250857114792,
      2159.140389442444,
      2112.0658254623413,
      2211.599053621292,
      2143.6039712429047,
      2181.3848218917847,
      2173.132823705673,
      2153.5190813541412,
      2143.1055676937103,
      2207.2034935951233,
      2236.537369966507,
      2127.1960985660553,
      2158.6339972019196,
      2138.885840177536,
      2120.183135032654,
      2194.108990430832,
      2067.420430660248,
      2162.619467973709,
      2178.993799686432,
      2154.4007425308228,
      2151.925290107727,
      2115.312009334564,
      2204.1169559955597,
      2154.7588493824005,
      2190.844041824341,
      2184.663294315338,
      2170.1095395088196,
      2111.813145637512,
      2187.587305545807,
      2132.862385034561,
      2179.4773631095886,
      2186.4580619335175,
      2180.3220756053925,
      2117.995555639267,
      2218.317319869995,
      2179.54580950737,
      2140.259301662445
    ]
  },
  "null_type": "order_shuffle",
  "n_permutations": 100,
  "statistic": "total_persistence"
}