{
  "H0": {
    "observed": 24313.790011405945,
    "null_mean": 26617.695650093556,
    "null_std": 206.21405939161085,
    "null_p95": 26885.876122260095,
    "p_value": 1.0,
    "significant_at_005": false,
    "null_distribution": [
      26360.437935471535,
      26389.381905078888,
      26216.383860111237,
      26379.13808465004,
      26424.38671898842,
      26783.5083861351,
      26313.36236345768,
      26686.50039625168,
      26608.63667035103,
      26660.239195346832,
      26303.66112625599,
      26415.101898670197,
      26671.82980632782,
      26691.5375623703,
      26393.419643878937,
      26619.52282834053,
      27130.40269947052,
      26451.256329536438,
      26599.019765853882,
      26456.332208514214,
      26493.417907953262,
      26792.55691885948,
      26830.548944234848,
      26480.001460790634,
      26548.878666996956,
      26712.276951551437,
      26890.033799648285,
      26570.301574587822,
      26804.69557785988,
      26696.63962650299,
      26294.33998274803,
      26503.76264500618,
      26697.379658460617,
      26740.45975089073,
      26448.18020415306,
      26642.503043293953,
      26726.574505329132,
      26830.43656873703,
      27161.238988161087,
      26771.88759994507,
      26835.02948975563,
      26443.788776636124,
      26880.794516563416,
      26465.726939439774,
      26722.541785001755,
      26740.155440092087,
      26373.573249697685,
      26810.952553749084,
      26795.166204452515,
      26626.879788517952
    ]
  },
  "H1": {
    "observed": 2619.253637313843,
    "null_mean": 2954.1584743165968,
    "null_std": 51.01350231090864,
    "null_p95": 3024.1159391760825,
    "p_value": 1.0,
    "significant_at_005": false,
    "null_distribution": [
      2886.7384424209595,
      2932.089633703232,
      2828.3986597061157,
      2850.096200466156,
      2956.3802671432495,
      2971.782210588455,
      2976.593237400055,
      3009.141655921936,
      2908.496636867523,
      2945.693871974945,
      2912.145399093628,
      2949.334942817688,
      2914.756016731262,
      2956.1513397693634,
      2883.246542930603,
      2954.777906179428,
      3017.652838945389,
      2952.885712623596,
      2928.749664068222,
      2930.561360359192,
      2920.5945405960083,
      2967.4495401382446,
      2945.6001918315887,
      2959.2384130954742,
      2951.988624572754,
      3020.525746822357,
      2985.3390674591064,
      2949.6449840068817,
      2958.299592733383,
      2942.1844534873962,
      2845.5729551315308,
      2927.370401620865,
      2957.137188434601,
      2999.2189712524414,
      2938.616448163986,
      2978.4242787361145,
      2994.3984038829803,
      3013.1016716957092,
      3086.744990825653,
      3013.485355615616,
      3061.468738794327,
      2930.493287563324,
      3019.5876801013947,
      2905.698974609375,
      2972.909957885742,
      2936.2393958568573,
      2902.100764274597,
      3002.093214035034,
      3027.053369283676,
      2929.6699736118317
    ]
  },
  "null_type": "markov",
  "n_permutations": 50,
  "statistic": "total_persistence"
}