{
  "H0": {
    "observed": 14227.775175571442,
    "null_mean": 13598.305461757183,
    "null_std": 67.07876827750371,
    "null_p95": 13697.606964540482,
    "p_value": 0.0,
    "significant_at_005": true,
    "null_distribution": [
      13544.960639715195,
      13656.919907093048,
      13611.916356086731,
      13700.337540149689,
      13646.235154628754,
      13676.468492031097,
      13614.747382640839,
      13586.338084697723,
      13542.44819021225,
      13665.289757728577,
      13699.313949584961,
      13563.461168766022,
      13656.156469345093,
      13599.292125701904,
      13588.223466396332,
      13646.788017749786,
      13653.909504413605,
      13548.62280702591,
      13566.610481739044,
      13536.88625049591,
      13612.917263507843,
      13566.016685962677,
      13538.054847717285,
      13611.5179271698,
      13542.869898319244,
      13661.54347896576,
      13689.875429153442,
      13663.262516975403,
      13514.710005760193,
      13669.844753742218,
      13694.663256168365,
      13564.298234939575,
      13654.087435722351,
      13568.002921581268,
      13679.752604484558,
      13508.861385822296,
      13603.865082740784,
      13718.698784828186,
      13624.104521274567,
      13419.424164295197,
      13592.570592403412,
      13673.45448923111,
      13561.99809885025,
      13614.185401916504,
      13611.35288143158,
      13590.835363388062,
      13668.746453285217,
      13515.26555109024,
      13578.985501289368,
      13525.837278842926,
      13602.447828292847,
      13516.745009422302,
      13618.610482692719,
      13628.858206272125,
      13540.3340549469,
      13574.521280288696,
      13568.615656375885,
      13582.451251029968,
      13625.745292663574,
      13561.006316184998,
      13697.517123222351,
      13742.822180271149,
      13493.332379817963,
      13634.72406244278,
      13469.287015914917,
      13630.157138347626,
      13568.43267250061,
      13660.663007736206,
      13533.152459144592,
      13522.586545467377,
      13563.163898944855,
      13689.732869148254,
      13642.9048910141,
      13532.882710456848,
      13656.057285785675,
      13531.552616119385,
      13665.204765796661,
      13652.441569805145,
      13615.82616853714,
      13497.279788970947,
      13670.014060020447,
      13582.310962677002,
      13755.22658777237,
      13632.08486032486,
      13540.181309223175,
      13599.654576778412,
      13451.63559293747,
      13593.194494724274,
      13500.172842025757,
      13634.610840797424,
      13655.555985927582,
      13553.084846496582,
      13580.375644683838,
      13608.57063961029,
      13419.834350585938,
      13628.430449962616,
      13611.35595035553,
      13574.928545475006,
      13487.100215435028,
      13588.638335227966
    ]
  },
  "H1": {
    "observed": 1520.3209104537964,
    "null_mean": 1503.4494088459014,
    "null_std": 23.909260997410275,
    "null_p95": 1540.7648646593093,
    "p_value": 0.2,
    "significant_at_005": false,
    "null_distribution": [
      1523.2889876365662,
      1513.0756635665894,
      1495.693754196167,
      1498.7378559112549,
      1523.9945287704468,
      1496.270393371582,
      1540.2402811050415,
      1495.2498712539673,
      1421.4072275161743,
      1536.888337135315,
      1518.0108914375305,
      1481.9361147880554,
      1493.245967388153,
      1565.5206413269043,
      1476.562608718872,
      1512.9247636795044,
      1513.5657444000244,
      1483.023226261139,
      1486.1550459861755,
      1498.2270874977112,
      1497.9018836021423,
      1494.1865124702454,
      1554.4127802848816,
      1452.618459224701,
      1495.1912388801575,
      1515.6351971626282,
      1532.9577493667603,
      1516.4404134750366,
      1496.417643547058,
      1487.8747868537903,
      1512.6559581756592,
      1499.352301120758,
      1490.0796990394592,
      1505.0128827095032,
      1479.5650000572205,
      1486.292263507843,
      1513.078667640686,
      1511.7198886871338,
      1500.2900280952454,
      1508.853916168213,
      1488.2607731819153,
      1485.0077896118164,
      1475.3800430297852,
      1482.3545050621033,
      1514.0399656295776,
      1457.6176371574402,
      1554.338589668274,
      1511.615653514862,
      1501.3642320632935,
      1440.816912651062,
      1471.4567279815674,
      1535.582709312439,
      1526.6516561508179,
      1500.2380213737488,
      1527.49711227417,
      1500.9908742904663,
      1511.785683631897,
      1474.7007298469543,
      1491.9338927268982,
      1490.5555219650269,
      1467.9851393699646,
      1489.3208227157593,
      1500.6942591667175,
      1495.4193625450134,
      1510.0921506881714,
      1465.6464357376099,
      1517.2768869400024,
      1524.5566020011902,
      1512.7395906448364,
      1518.753806591034,
      1501.6352286338806,
      1525.725157737732,
      1536.3952140808105,
      1534.969711303711,
      1496.6829915046692,
      1518.6687531471252,
      1500.5673956871033,
      1508.6283583641052,
      1537.007555961609,
      1490.4874262809753,
      1497.1684794425964,
      1494.367148399353,
      1517.9800219535828,
      1506.0747003555298,
      1488.2927112579346,
      1550.7319521903992,
      1475.4358978271484,
      1528.2548274993896,
      1537.4576354026794,
      1505.962586402893,
      1492.5890922546387,
      1496.976432800293,
      1491.1957893371582,
      1494.680281162262,
      1513.177444934845,
      1520.3031740188599,
      1487.0059814453125,
      1491.5067138671875,
      1484.1557431221008,
      1551.6261286735535
    ]
  },
  "null_type": "order_shuffle",
  "n_permutations": 100,
  "statistic": "total_persistence"
}