{
  "H0": {
    "observed": 14227.775175571442,
    "null_mean": 14131.239399819375,
    "null_std": 106.34171039420164,
    "null_p95": 14310.506087684631,
    "p_value": 0.15,
    "significant_at_005": false,
    "null_distribution": [
      14214.87847661972,
      14072.714725494385,
      14314.731897830963,
      14216.477404117584,
      14061.683049678802,
      14197.7426943779,
      13860.10823917389,
      14148.147400856018,
      14154.665165424347,
      13985.021646976471,
      14079.556854724884,
      14081.27874803543,
      14191.081799030304,
      14152.566550731659,
      14103.382494449615,
      14129.110716819763,
      14294.33050251007,
      14052.536635398865,
      14187.594663619995,
      14022.03546333313,
      13877.530022621155,
      14069.57684803009,
      14139.557424068451,
      14119.40272808075,
      14349.686952590942,
      14115.887526035309,
      14125.85314130783,
      14250.262092113495,
      14138.981833457947,
      14229.606332302094,
      13954.349438667297,
      14020.75956249237,
      14088.086865901947,
      14129.77186203003,
      14065.56138086319,
      14178.53112411499,
      14099.32129573822,
      14308.133697986603,
      14155.874746799469,
      14189.159098148346,
      14361.752678394318,
      14090.209688663483,
      14199.44728422165,
      13925.612021446228,
      14076.92945766449,
      14357.774323940277,
      14180.672584533691,
      14137.010649681091,
      13974.045266628265,
      14245.083245277405,
      14140.207890033722,
      14193.06710100174,
      14233.248543739319,
      14310.283676624298,
      14083.900631427765,
      14134.956764221191,
      14106.177543640137,
      14015.407876968384,
      14202.299969673157,
      14024.579016208649,
      14089.010518550873,
      14115.985638141632,
      14215.737758636475,
      14081.09074306488,
      14143.986297607422,
      14090.092596530914,
      14370.611554145813,
      14145.9276638031,
      14278.598992347717,
      14133.816946983337,
      14153.852478981018,
      14079.828497886658,
      14068.626912593842,
      13903.828966617584,
      14076.335628032684,
      14100.68090057373,
      14194.617053031921,
      14174.127566814423,
      14230.310354232788,
      14039.555175304413,
      13881.936266422272,
      14031.933945655823,
      14166.020100593567,
      14162.266457080841,
      14213.370325088501,
      14106.493178844452,
      13916.671049118042,
      14244.405368328094,
      14224.162241458893,
      14174.789363384247,
      14041.605867862701,
      14125.660472393036,
      14116.138950824738,
      14217.424757957458,
      14055.87058877945,
      14166.398421287537,
      13910.862748146057,
      14178.264976978302,
      14220.029319763184,
      14164.80802154541
    ]
  },
  "H1": {
    "observed": 1520.3209104537964,
    "null_mean": 1545.0863180685044,
    "null_std": 40.48168532761082,
    "null_p95": 1609.7282616615296,
    "p_value": 0.69,
    "significant_at_005": false,
    "null_distribution": [
      1585.4842128753662,
      1505.483012676239,
      1561.6857051849365,
      1552.6887922286987,
      1511.369261264801,
      1574.554813861847,
      1473.677206993103,
      1567.253911972046,
      1518.0172510147095,
      1509.5446577072144,
      1541.2409882545471,
      1484.507360458374,
      1602.4653768539429,
      1535.763771533966,
      1572.2105164527893,
      1532.8224968910217,
      1596.744312763214,
      1502.9020547866821,
      1616.5317029953003,
      1521.5839104652405,
      1499.470700263977,
      1502.6348414421082,
      1589.9199752807617,
      1530.6171736717224,
      1590.354808330536,
      1514.5010452270508,
      1609.084014415741,
      1580.0102458000183,
      1539.9865126609802,
      1609.6751232147217,
      1472.6927046775818,
      1596.3810606002808,
      1537.962574005127,
      1520.27206325531,
      1549.8594846725464,
      1582.8351254463196,
      1550.1028351783752,
      1552.7284922599792,
      1591.1036829948425,
      1618.2165923118591,
      1536.905408859253,
      1517.5737962722778,
      1537.902232170105,
      1497.7786445617676,
      1524.5098705291748,
      1587.9962854385376,
      1496.400152206421,
      1552.376639842987,
      1451.011845111847,
      1546.417652606964,
      1507.7813515663147,
      1571.4206461906433,
      1556.9640307426453,
      1597.1923742294312,
      1491.2928977012634,
      1547.6678552627563,
      1560.8753108978271,
      1532.67648935318,
      1599.7173871994019,
      1537.5794773101807,
      1500.7585234642029,
      1491.8118443489075,
      1539.7370862960815,
      1532.48020362854,
      1517.444414138794,
      1532.5210723876953,
      1610.737892150879,
      1512.7173900604248,
      1535.676827430725,
      1548.17418384552,
      1522.5856909751892,
      1584.4102311134338,
      1547.2263717651367,
      1485.0489974021912,
      1546.8362317085266,
      1561.4687042236328,
      1598.202296257019,
      1556.0746479034424,
      1591.395061969757,
      1529.4866123199463,
      1457.6369614601135,
      1513.2574563026428,
      1538.8634042739868,
      1546.7783417701721,
      1653.0375633239746,
      1544.699357509613,
      1476.9839072227478,
      1566.8146891593933,
      1519.23184633255,
      1581.7242050170898,
      1569.1922073364258,
      1501.552429676056,
      1586.1536412239075,
      1516.0990839004517,
      1576.2754158973694,
      1577.067753314972,
      1494.660930633545,
      1578.0004272460938,
      1616.520493030548,
      1492.3066878318787
    ]
  },
  "null_type": "markov",
  "n_permutations": 100,
  "statistic": "total_persistence"
}