{
  "H0": {
    "observed": 24313.790011405945,
    "null_mean": 23529.618487899304,
    "null_std": 123.11631556707079,
    "null_p95": 23714.09668468237,
    "p_value": 0.0,
    "significant_at_005": true,
    "null_distribution": [
      23471.563613057137,
      23645.690952062607,
      23720.257826924324,
      23692.878849625587,
      23469.044665694237,
      23401.90500843525,
      23692.686987638474,
      23554.945069670677,
      23408.877961158752,
      23576.99113547802,
      23609.13031256199,
      23412.04046046734,
      23693.625876426697,
      23629.761415481567,
      23490.92018854618,
      23586.922224521637,
      23366.38658308983,
      23421.348460912704,
      23374.365350842476,
      23446.760127305984,
      23623.384641051292,
      23447.517980337143,
      23771.352354168892,
      23278.35162293911,
      23578.738210439682,
      23564.58582174778,
      23540.066705942154,
      23492.427771806717,
      23462.63481581211,
      23637.654368281364,
      23707.678130745888,
      23719.348228812218,
      23487.45395743847,
      23564.092440485954,
      23564.199860572815,
      23496.433012723923,
      23640.812133431435,
      23620.70197534561,
      23327.09315443039,
      23422.26269876957,
      23589.73503780365,
      23599.442779898643,
      23323.341807484627,
      23595.009726643562,
      23511.362401366234,
      23554.30829846859,
      23595.23645401001,
      23259.64207649231,
      23318.086312890053,
      23521.86654472351
    ]
  },
  "H1": {
    "observed": 2619.253637313843,
    "null_mean": 2574.4545891284943,
    "null_std": 39.242791336154546,
    "null_p95": 2640.8178864002225,
    "p_value": 0.14,
    "significant_at_005": false,
    "null_distribution": [
      2577.3702689409256,
      2617.178141951561,
      2525.977999687195,
      2531.282248854637,
      2581.909988641739,
      2490.311052441597,
      2630.5755116939545,
      2586.036915898323,
      2534.523156762123,
      2591.2121638059616,
      2554.868915915489,
      2580.04820227623,
      2582.2299036979675,
      2605.5171016454697,
      2557.0490943193436,
      2592.1353747844696,
      2553.280478000641,
      2501.270157814026,
      2538.022315263748,
      2553.4637628793716,
      2585.5072811841965,
      2562.2080742120743,
      2658.8871421813965,
      2555.8002249002457,
      2584.751626610756,
      2597.9474827051163,
      2537.0029636621475,
      2616.971871137619,
      2596.4248930215836,
      2575.3304119110107,
      2627.790531039238,
      2626.853023290634,
      2559.2672218084335,
      2621.4350291490555,
      2558.55819439888,
      2609.955020546913,
      2661.0044553279877,
      2597.2572358846664,
      2549.544434428215,
      2544.6164516210556,
      2584.826690554619,
      2563.3115376234055,
      2498.7848496437073,
      2563.6055804491043,
      2584.5119392871857,
      2540.763967394829,
      2649.198011159897,
      2559.879340648651,
      2507.184510707855,
      2559.286704659462
    ]
  },
  "null_type": "order_shuffle",
  "n_permutations": 50,
  "statistic": "total_persistence"
}