{
  "H0": {
    "observed": 20411.12756752968,
    "null_mean": 20405.363110952378,
    "null_std": 10.321203048909364,
    "null_p95": 20421.420394718647,
    "p_value": 0.315,
    "significant_at_005": false,
    "null_distribution": [
      20400.843393087387,
      20411.278288125992,
      20382.07777428627,
      20390.902083158493,
      20410.677186489105,
      20396.951004981995,
      20400.290836572647,
      20390.873733997345,
      20392.657312870026,
      20413.650707244873,
      20407.25410938263,
      20413.650707244873,
      20413.650707244873,
      20408.303501844406,
      20411.10013103485,
      20404.065517425537,
      20402.514078855515,
      20405.91051673889,
      20416.166373729706,
      20412.91558456421,
      20384.597949266434,
      20410.02141070366,
      20399.883835554123,
      20407.059212207794,
      20398.061976909637,
      20407.529180288315,
      20403.29625415802,
      20408.00728416443,
      20412.01734304428,
      20402.39924263954,
      20409.222016572952,
      20398.08065724373,
      20398.909413814545,
      20419.89081645012,
      20402.49143099785,
      20399.653302431107,
      20385.115452051163,
      20401.54936337471,
      20400.461429595947,
      20403.458923578262,
      20416.266897439957,
      20390.788206100464,
      20415.68589901924,
      20418.326044797897,
      20392.965154647827,
      20406.849906921387,
      20408.645737171173,
      20421.8497941494,
      20395.583889722824,
      20390.902083158493,
      20413.11581993103,
      20405.177106142044,
      20400.759474992752,
      20410.102588176727,
      20393.110724449158,
      20413.650707244873,
      20389.369824647903,
      20403.667601823807,
      20404.065517425537,
      20412.540474176407,
      20407.004476070404,
      20398.067608356476,
      20392.897164583206,
      20381.728499889374,
      20409.61090683937,
      20410.901794672012,
      20423.201696634293,
      20424.497760295868,
      20415.42195415497,
      20410.35759162903,
      20419.83860731125,
      20404.74378299713,
      20404.147521734238,
      20393.693138360977,
      20423.96782875061,
      20416.101440668106,
      20401.81034231186,
      20420.04579758644,
      20413.650707244873,
      20421.412079811096,
      20440.72192955017,
      20384.161851882935,
      20413.650707244873,
      20392.657312870026,
      20409.7116355896,
      20415.33118081093,
      20392.657312870026,
      20401.733754873276,
      20391.330315589905,
      20396.48980331421,
      20421.578377962112,
      20404.065517425537,
      20415.472591161728,
      20417.734265565872,
      20412.65594291687,
      20394.531925439835,
      20424.865411043167,
      20397.73555445671,
      20401.523436546326,
      20406.025587797165,
      20404.481543779373,
      20397.74072265625,
      20413.650707244873,
      20395.069052696228,
      20406.152282953262,
      20424.269359111786,
      20413.650707244873,
      20413.123224020004,
      20392.657312870026,
      20393.141778469086,
      20397.73555445671,
      20408.579065084457,
      20413.650707244873,
      20406.196816444397,
      20397.834295988083,
      20404.902099370956,
      20408.228966474533,
      20393.239142894745,
      20399.720356225967,
      20393.519563674927,
      20419.96518445015,
      20392.657312870026,
      20410.524849176407,
      20405.738640785217,
      20397.423590183258,
      20401.853425502777,
      20382.947299957275,
      20413.42513036728,
      20413.650707244873,
      20403.02602124214,
      20407.72024345398,
      20416.752133846283,
      20408.485719442368,
      20410.618715524673,
      20413.650707244873,
      20392.657312870026,
      20417.845248937607,
      20413.650707244873,
      20392.657312870026,
      20410.57996916771,
      20413.650707244873,
      20406.42175221443,
      20399.305804252625,
      20407.141527414322,
      20399.78578710556,
      20403.833805322647,
      20396.369726657867,
      20397.423590183258,
      20392.657312870026,
      20392.657312870026,
      20392.657312870026,
      20413.650707244873,
      20418.19316983223,
      20412.02397251129,
      20402.229182481766,
      20399.79974246025,
      20397.73650455475,
      20407.166103363037,
      20394.914182901382,
      20407.0837290287,
      20401.465847730637,
      20409.81205058098,
      20390.33944272995,
      20394.531925439835,
      20414.28176188469,
      20409.659829616547,
      20389.54768896103,
      20434.18903183937,
      20414.12127804756,
      20398.469107866287,
      20425.189022302628,
      20413.650707244873,
      20406.919268846512,
      20399.02107644081,
      20413.650707244873,
      20392.042096614838,
      20413.182407855988,
      20416.5513317585,
      20395.05561041832,
      20416.690978765488,
      20409.399628162384,
      20403.108221530914,
      20390.85036277771,
      20417.110570430756,
      20407.411075353622,
      20413.49331521988,
      20386.9682161808,
      20419.508127450943,
      20398.61633491516,
      20398.505492448807,
      20392.657312870026,
      20399.738533735275,
      20413.008157730103,
      20417.88596200943,
      20421.124923229218,
      20394.105042696,
      20397.95975446701,
      20402.85257411003,
      20405.194843530655,
      20408.078533887863
    ]
  },
  "H1": {
    "observed": 2224.6842234134674,
    "null_mean": 2234.5781464838983,
    "null_std": 13.322807923489265,
    "null_p95": 2256.4179618120193,
    "p_value": 0.71,
    "significant_at_005": false,