{
  "H0": {
    "observed": 20411.12756752968,
    "null_mean": 21323.821324583292,
    "null_std": 174.21188243361058,
    "null_p95": 21598.628517091274,
    "p_value": 1.0,
    "significant_at_005": false,
    "null_distribution": [
      21074.846543073654,
      21468.419403076172,
      21337.972623586655,
      21086.191450595856,
      21599.638752937317,
      21505.190300941467,
      21349.24393582344,
      21426.322740793228,
      20946.448724269867,
      21261.70349264145,
      21136.941113471985,
      21376.081785440445,
      21106.06264400482,
      21341.726449489594,
      21305.74715948105,
      21560.61935210228,
      21465.303562164307,
      21286.718051433563,
      21321.385101556778,
      21188.309518814087,
      21387.1053879261,
      21285.339814901352,
      21404.787624120712,
      21206.951942920685,
      21359.970941066742,
      21511.817229032516,
      21554.896749973297,
      21585.695147752762,
      21480.432612657547,
      21646.977880954742,
      21432.761655330658,
      21480.408004522324,
      20914.429396390915,
      21491.145279169083,
      21268.74134349823,
      21401.48280763626,
      21328.499586820602,
      21301.75555872917,
      21344.004156827927,
      21101.594081163406,
      21485.421312570572,
      21126.024253845215,
      21410.217702150345,
      21290.106100797653,
      21343.18471813202,
      21329.77683377266,
      21159.808750629425,
      21488.723126888275,
      21589.43274617195,
      21417.080810546875,
      21147.375851154327,
      21392.35936689377,
      21487.253651857376,
      21351.988052368164,
      21207.57643175125,
      21350.766716718674,
      21377.534029960632,
      21035.265181303024,
      20849.297112226486,
      21350.006796360016,
      21197.24500322342,
      21383.872497320175,
      21282.02942585945,
      21399.841857910156,
      21732.955624580383,
      21284.149765729904,
      21404.352021694183,
      21426.6456553936,
      21000.60593175888,
      20960.43940591812,
      21113.95095229149,
      21304.196710824966,
      21213.173502206802,
      21109.607134580612,
      20922.11495947838,
      21347.15676355362,
      21110.254018306732,
      21485.107462882996,
      21104.20748758316,
      20858.91803765297,
      21427.32574224472,
      21399.186821222305,
      21335.63049006462,
      21282.71639728546,
      21166.113720417023,
      21393.942029476166,
      21025.944392204285,
      21599.769412994385,
      21130.548872232437,
      21389.797114372253,
      21480.072469234467,
      21637.65484213829,
      21330.923446655273,
      21424.02140545845,
      21452.123129606247,
      21246.347895145416,
      21598.597801685333,
      21098.036880254745,
      21171.425753593445,
      21347.847290992737,
      21446.67042708397,
      21225.666439294815,
      21321.33067536354,
      21413.61661505699,
      21392.189605474472,
      21451.365257024765,
      21571.353335380554,
      21050.97010087967,
      21415.222395420074,
      21351.479830265045,
      20990.039304733276,
      21461.650233745575,
      21200.258219480515,
      21274.619863033295,
      21406.77320075035,
      21384.67703819275,
      21172.33186841011,
      21310.365110874176,
      21141.936691761017,
      21113.10085082054,
      21324.469972133636,
      21228.132627487183,
      21571.655839443207,
      21157.471967220306,
      21274.072929620743,
      21413.264672994614,
      21517.453691482544,
      21486.85032916069,
      21463.32993865013,
      21435.053129196167,
      21377.326812028885,
      21283.876933813095,
      21611.192859888077,
      21449.634642601013,
      21258.017843723297,
      21368.728056669235,
      21449.544824123383,
      21259.06380367279,
      21137.942451238632,
      21209.60979437828,
      21417.231606006622,
      21308.078366994858,
      21361.49953365326,
      21121.727758169174,
      21430.598641633987,
      21728.780802726746,
      21269.604070663452,
      21440.776761054993,
      21294.327144384384,
      21265.92458987236,
      21289.513570785522,
      21446.51584982872,
      21479.887179613113,
      21337.635909318924,
      21420.247242689133,
      21391.773817539215,
      21365.26713991165,
      21011.75880074501,
      21599.212109804153,
      20982.631761312485,
      21359.971282958984,
      21440.513264894485,
      21096.80100774765,
      21219.012121915817,
      21582.78801202774,
      21298.24900507927,
      21178.407254457474,
      21236.192830085754,
      21122.07096362114,
      21437.112969636917,
      21578.29761815071,
      21198.631489753723,
      21185.417426347733,
      21434.599259376526,
      21408.49623608589,
      21507.642515420914,
      21173.8312458992,
      21266.00906920433,
      21374.62637901306,
      20995.989369153976,
      21319.943895339966,
      21691.347730636597,
      21109.419269800186,
      21346.411568164825,
      21501.877490520477,
      21565.500816345215,
      21195.72942352295,
      21180.85652780533,
      21518.660091161728,
      21170.957006454468,
      21739.69450545311,
      21285.74383854866,
      21109.25390315056,
      21305.417397022247,
      21420.189257383347,
      21324.56380033493,
      21547.39748454094,
      21280.122530937195,
      21247.54533457756,
      21071.951305627823
    ]
  },
  "H1": {
    "observed": 2224.6842234134674,
    "null_mean": 2253.260350704193,
    "null_std": 47.1271530450825,
    "null_p95": 2327.477627837658,
    "p_value": 0.735,
    "significant_at_005": false,