{
  "H0": {
    "observed": 20411.12756752968,
    "null_mean": 21138.302018499373,
    "null_std": 196.82310970832873,
    "null_p95": 21429.45264400244,
    "p_value": 1.0,
    "significant_at_005": false,
    "null_distribution": [
      21193.233153104782,
      21037.30385541916,
      21264.37832713127,
      21228.384064674377,
      20986.53139781952,
      21317.621711730957,
      20793.213126659393,
      21254.44298672676,
      20935.791214227676,
      21093.00287437439,
      21099.69544148445,
      20904.06037926674,
      21105.786906957626,
      21146.685351848602,
      20994.903606891632,
      21228.686995267868,
      21538.62872695923,
      20810.18424463272,
      21259.276095867157,
      20922.552183389664,
      20802.345187664032,
      21048.534029722214,
      21181.821963071823,
      21329.22538971901,
      21299.345072984695,
      21087.56275701523,
      21227.02366924286,
      21393.821209430695,
      21192.383148908615,
      21307.559238433838,
      20751.624341726303,
      21122.469382047653,
      21129.965692043304,
      21277.341119527817,
      21096.212805986404,
      21193.28664779663,
      21080.2839012146,
      21280.85244178772,
      21354.716339588165,
      21372.0034365654,
      21458.61592745781,
      21068.37059736252,
      21429.317751169205,
      20772.578503847122,
      21187.08907175064,
      21465.552853822708,
      21052.212185382843,
      21265.21406173706,
      20781.567583322525,
      21151.95629954338,
      21095.750905036926,
      21432.015607833862,
      21302.322377681732,
      21367.022706747055,
      20748.18409562111,
      21104.603344917297,
      21302.269261598587,
      20890.633994340897,
      21148.37450838089,
      20927.143491983414,
      20993.35570168495,
      21060.821422815323,
      21244.3540892601,
      21068.523520231247,
      21208.24168419838,
      21027.953302383423,
      21383.380612373352,
      21158.242709875107,
      21336.350954055786,
      21028.646580934525,
      21083.779567718506,
      21143.75852870941,
      21105.932478666306,
      20727.310832977295,
      20956.300134897232,
      21255.438492059708,
      21363.193691015244,
      21037.771343946457,
      21270.876984596252,
      21056.200015306473,
      20602.810165405273,
      20927.630766391754,
      21250.460063934326,
      21183.864621400833,
      21391.1261241436,
      21101.1351313591,
      20768.86651325226,
      21529.970071554184,
      21289.04772377014,
      21347.452000379562,
      21026.5526740551,
      21105.533227682114,
      21032.02881169319,
      21201.80928850174,
      21021.4839053154,
      21289.202503681183,
      20772.555700302124,
      21376.671766281128,
      21380.87919807434,
      21127.153396606445
    ]
  },
  "H1": {
    "observed": 2224.6842234134674,
    "null_mean": 2381.3050899767877,
    "null_std": 63.76557345680023,
    "null_p95": 2476.943289041519,
    "p_value": 1.0,
    "significant_at_005": false,
    "null_distribution": [
      2390.5369074344635,
      2357.1106147766113,
      2338.840145587921,
      2381.984548330307,
      2353.554962873459,
      2476.9156532287598,
      2374.478040456772,
      2476.721833705902,
      2296.8005759716034,
      2340.636948108673,
      2393.523426294327,
      2298.7758235931396,
      2421.352070093155,
      2394.8519837856293,
      2390.1712951660156,
      2378.6013643741608,
      2423.1862280368805,
      2266.465977907181,
      2417.4021990299225,
      2371.4641485214233,
      2324.2132823467255,
      2362.7979719638824,
      2443.278174161911,
      2344.7486188411713,
      2384.019294500351,
      2365.955091714859,
      2446.238200187683,
      2433.3626515865326,
      2359.6357963085175,
      2448.2844564914703,
      2264.4822170734406,
      2474.550214290619,
      2371.8585743904114,
      2418.135676383972,
      2430.5073573589325,
      2487.5955028533936,
      2386.0807778835297,
      2359.8813955783844,
      2445.1230976581573,
      2445.511859893799,
      2443.610940217972,
      2409.376044034958,
      2464.0511343479156,
      2305.8415474891663,
      2451.695259809494,
      2426.596465110779,
      2283.1561880111694,
      2435.043485403061,
      2226.071722984314,
      2349.635894536972,
      2283.0641293525696,
      2528.634246826172,
      2462.8037655353546,
      2395.4383187294006,
      2274.365578889847,
      2366.689660549164,
      2429.785989522934,
      2338.2184975147247,
      2419.538111925125,
      2364.173395395279,
      2260.2845346927643,
      2393.673930168152,
      2435.399659872055,
      2409.6098322868347,
      2307.428230524063,
      2342.199172258377,
      2388.010407924652,
      2395.025407075882,
      2388.494394302368,
      2362.902302980423,
      2328.7337007522583,
      2434.792916536331,
      2367.156852245331,
      2267.705342531204,
      2309.575929403305,
      2467.134706020355,
      2442.352203130722,
      2391.894282579422,
      2433.2664139270782,
      2379.1710464954376,
      2227.7105598449707,
      2280.083914756775,
      2368.577086210251,
      2357.8663573265076,
      2477.4683694839478,
      2391.0190103054047,
      2266.4434902668,
      2515.9584488868713,
      2317.0006103515625,
      2405.727796316147,
      2360.4911739826202,
      2359.212427854538,
      2329.549390077591,
      2367.081540822983,
      2389.3698761463165,
      2385.257116794586,
      2341.2338695526123,
      2433.7479951381683,
      2498.066229581833,
      2356.4071333408356
    ]
  },
  "null_type": "markov",
  "n_permutations": 100,
  "statistic": "total_persistence"
}