{
  "H0": {
    "observed": 20411.12756752968,
    "null_mean": 20407.769719387292,
    "null_std": 9.603435594079611,
    "null_p95": 20421.893032693864,
    "p_value": 0.405,
    "significant_at_005": false,
    "null_distribution": [
      20415.61674427986,
      20410.077619552612,
      20414.640962600708,
      20404.065517425537,
      20403.975833177567,
      20402.370581150055,
      20412.30264902115,
      20394.531925439835,
      20409.728986501694,
      20420.194839000702,
      20390.644105911255,
      20408.01096534729,
      20401.558086633682,
      20413.650707244873,
      20416.94320321083,
      20400.59576702118,
      20394.995925426483,
      20420.586590528488,
      20411.8298060894,
      20416.96065068245,
      20413.650707244873,
      20403.848648786545,
      20392.657312870026,
      20402.974132299423,
      20424.8022005558,
      20397.423590183258,
      20408.91171526909,
      20404.065517425537,
      20413.650707244873,
      20408.95416545868,
      20414.167524814606,
      20388.677397489548,
      20406.601838350296,
      20401.523436546326,
      20414.556647777557,
      20412.516430854797,
      20399.193440914154,
      20415.546813488007,
      20401.977998495102,
      20415.029200077057,
      20407.201872825623,
      20404.89105987549,
      20392.657312870026,
      20404.77208685875,
      20412.349235534668,
      20415.637363672256,
      20413.59553337097,
      20414.47338795662,
      20387.03596162796,
      20408.283628225327,
      20402.997664928436,
      20392.657312870026,
      20411.91511940956,
      20413.650707244873,
      20392.657312870026,
      20394.0462038517,
      20415.337167978287,
      20409.649863243103,
      20382.947299957275,
      20419.32020354271,
      20397.575572252274,
      20416.919669866562,
      20395.24468278885,
      20397.423590183258,
      20402.95927453041,
      20413.59553337097,
      20385.961894750595,
      20417.758674383163,
      20421.060473442078,
      20410.052646636963,
      20407.44841194153,
      20400.894928216934,
      20413.273432016373,
      20408.4482691288,
      20406.53317117691,
      20397.26200890541,
      20409.61090683937,
      20423.008594751358,
      20413.14205980301,
      20413.650707244873,
      20397.423590183258,
      20422.548122882843,
      20417.931653499603,
      20418.73696756363,
      20416.34911799431,
      20419.8205473423,
      20406.138775110245,
      20412.04151916504,
      20410.649046182632,
      20404.808214187622,
      20413.03288459778,
      20403.458326101303,
      20418.49832034111,
      20406.099853277206,
      20403.396648406982,
      20413.14205980301,
      20407.348915815353,
      20400.2850754261,
      20413.650707244873,
      20401.119245052338,
      20422.41408419609,
      20397.73138308525,
      20418.21569299698,
      20395.031900167465,
      20435.362977981567,
      20405.35293984413,
      20412.274983644485,
      20404.99818921089,
      20408.331139564514,
      20417.612387657166,
      20397.423590183258,
      20404.481543779373,
      20419.57587814331,
      20392.657312870026,
      20398.61633491516,
      20413.650707244873,
      20396.015846967697,
      20401.10017848015,
      20405.546354293823,
      20409.432209968567,
      20413.650707244873,
      20422.614282369614,
      20392.657312870026,
      20413.650707244873,
      20403.29782295227,
      20410.351333856583,
      20395.366790533066,
      20413.650707244873,
      20413.650707244873,
      20425.18284845352,
      20405.137589931488,
      20404.352221012115,
      20409.049118757248,
      20420.194813728333,
      20394.531925439835,
      20417.46944141388,
      20413.650707244873,
      20407.107330083847,
      20403.225232839584,
      20404.808214187622,
      20402.25345993042,
      20405.370081186295,
      20390.59639620781,
      20414.295817375183,
      20413.650707244873,
      20400.43323945999,
      20409.399285554886,
      20409.333084106445,
      20405.331079006195,
      20416.49341416359,
      20413.650707244873,
      20407.97416114807,
      20419.8205473423,
      20399.723219633102,
      20425.662193775177,
      20419.841636419296,
      20433.129581689835,
      20420.87020611763,
      20401.809863567352,
      20393.302535295486,
      20407.569571733475,
      20405.332688093185,
      20406.41630601883,
      20420.99268078804,
      20387.912668704987,
      20413.650707244873,
      20405.114728927612,
      20407.82348704338,
      20392.17409014702,
      20411.48671078682,
      20413.650707244873,
      20412.35239958763,
      20407.691329479218,
      20421.46382212639,
      20396.06884908676,
      20403.03260731697,
      20403.48286151886,
      20399.485481977463,
      20385.372175693512,
      20409.882648468018,
      20407.190389871597,
      20400.943595170975,
      20403.655901432037,
      20406.266714334488,
      20395.756128311157,
      20421.865608930588,
      20404.065517425537,
      20390.490869998932,
      20411.403119802475,
      20415.525987148285,
      20402.966559171677,
      20432.809334516525,
      20405.50402379036,
      20400.784978866577,
      20416.200719594955,
      20405.120347499847,
      20413.650707244873,
      20394.526582717896,
      20392.657312870026,
      20420.84500694275
    ]
  },
  "H1": {
    "observed": 2224.6842234134674,
    "null_mean": 2234.545984915495,
    "null_std": 12.732234894326492,
    "null_p95": 2254.273170661926,
    "p_value": 0.725,
    "significant_at_005": false,