{
  "n_landmarks": 8000,
  "elapsed_seconds": 118.18709135055542,
  "summaries": {
    "maxmin_vr": {
      "H0": {
        "n_features": 8000,
        "n_finite": 7998,
        "n_infinite": 2,
        "total_persistence": 24313.790011405945,
        "max_persistence": 15.496363639831543,
        "persistence_entropy": 8.846143512557955,
        "features": [
          [
            0.0,
            Infinity,
            Infinity
          ],
          [
            0.0,
            Infinity,
            Infinity
          ],
          [
            0.0,
            15.496363639831543,
            15.496363639831543
          ],
          [
            0.0,
            14.901593208312988,
            14.901593208312988
          ],
          [
            0.0,
            14.402743339538574,
            14.402743339538574
          ],
          [
            0.0,
            14.161439895629883,
            14.161439895629883
          ],
          [
            0.0,
            14.009100914001465,
            14.009100914001465
          ],
          [
            0.0,
            13.61597728729248,
            13.61597728729248
          ],
          [
            0.0,
            13.218761444091797,
            13.218761444091797
          ],
          [
            0.0,
            13.145997047424316,
            13.145997047424316
          ],
          [
            0.0,
            12.923949241638184,
            12.923949241638184
          ],
          [
            0.0,
            12.907550811767578,
            12.907550811767578
          ],
          [
            0.0,
            12.527873992919922,
            12.527873992919922
          ],
          [
            0.0,
            12.207565307617188,
            12.207565307617188
          ],
          [
            0.0,
            11.685375213623047,
            11.685375213623047
          ],
          [
            0.0,
            11.67280101776123,
            11.67280101776123
          ],
          [
            0.0,
            11.63941478729248,
            11.63941478729248
          ],
          [
            0.0,
            11.610254287719727,
            11.610254287719727
          ],
          [
            0.0,
            11.573904037475586,
            11.573904037475586
          ],
          [
            0.0,
            11.243097305297852,
            11.243097305297852
          ]
        ]
      },
      "H1": {
        "n_features": 8358,
        "n_finite": 8357,
        "n_infinite": 1,
        "total_persistence": 2619.253637313843,
        "max_persistence": 3.2130813598632812,
        "persistence_entropy": 8.6629893135599,
        "features": [
          [
            14.767998695373535,
            Infinity,
            Infinity
          ],
          [
            12.354491233825684,
            15.567572593688965,
            3.2130813598632812
          ],
          [
            3.17166805267334,
            5.514275074005127,
            2.342607021331787
          ],
          [
            9.608894348144531,
            11.903082847595215,
            2.2941884994506836
          ],
          [
            7.773290634155273,
            9.99657917022705,
            2.2232885360717773
          ],
          [
            8.612260818481445,
            10.826093673706055,
            2.2138328552246094
          ],
          [
            4.224757194519043,
            6.427269458770752,
            2.202512264251709
          ],
          [
            10.118743896484375,
            12.220658302307129,
            2.101914405822754
          ],
          [
            10.143684387207031,
            12.23119068145752,
            2.0875062942504883
          ],
          [
            6.472893714904785,
            8.534258842468262,
            2.0613651275634766
          ],
          [
            10.129148483276367,
            12.132238388061523,
            2.0030899047851562
          ],
          [
            5.510763168334961,
            7.4904704093933105,
            1.9797072410583496
          ],
          [
            6.5494818687438965,
            8.520827293395996,
            1.9713454246520996
          ],
          [
            8.885223388671875,
            10.836268424987793,
            1.951045036315918
          ],
          [
            7.215263366699219,
            9.161195755004883,
            1.945932388305664
          ],
          [
            5.279755115509033,
            7.2183837890625,
            1.9386286735534668
          ],
          [
            4.834140777587891,
            6.757384777069092,
            1.9232439994812012
          ],
          [
            5.684978008270264,
            7.604284286499023,
            1.9193062782287598
          ],
          [
            3.051511764526367,
            4.912323951721191,
            1.8608121871948242
          ],
          [
            7.640422344207764,
            9.476139068603516,
            1.835716724395752
          ]
        ]
      }
    }
  }
}