{
  "n_landmarks": 2500,
  "elapsed_seconds": 46.428325176239014,
  "summaries": {
    "maxmin_vr": {
      "H0": {
        "n_features": 2500,
        "n_finite": 2499,
        "n_infinite": 1,
        "total_persistence": 14227.775175571442,
        "max_persistence": 15.808710098266602,
        "persistence_entropy": 7.7966229554996715,
        "features": [
          [
            0.0,
            Infinity,
            Infinity
          ],
          [
            0.0,
            15.808710098266602,
            15.808710098266602
          ],
          [
            0.0,
            15.496363639831543,
            15.496363639831543
          ],
          [
            0.0,
            14.901593208312988,
            14.901593208312988
          ],
          [
            0.0,
            14.402743339538574,
            14.402743339538574
          ],
          [
            0.0,
            14.161439895629883,
            14.161439895629883
          ],
          [
            0.0,
            14.009100914001465,
            14.009100914001465
          ],
          [
            0.0,
            13.61597728729248,
            13.61597728729248
          ],
          [
            0.0,
            13.218761444091797,
            13.218761444091797
          ],
          [
            0.0,
            13.145997047424316,
            13.145997047424316
          ],
          [
            0.0,
            12.923949241638184,
            12.923949241638184
          ],
          [
            0.0,
            12.907550811767578,
            12.907550811767578
          ],
          [
            0.0,
            12.527873992919922,
            12.527873992919922
          ],
          [
            0.0,
            12.207565307617188,
            12.207565307617188
          ],
          [
            0.0,
            11.685375213623047,
            11.685375213623047
          ],
          [
            0.0,
            11.67280101776123,
            11.67280101776123
          ],
          [
            0.0,
            11.63941478729248,
            11.63941478729248
          ],
          [
            0.0,
            11.610254287719727,
            11.610254287719727
          ],
          [
            0.0,
            11.573904037475586,
            11.573904037475586
          ],
          [
            0.0,
            11.243097305297852,
            11.243097305297852
          ]
        ]
      },
      "H1": {
        "n_features": 3249,
        "n_finite": 3249,
        "n_infinite": 0,
        "total_persistence": 1520.3209104537964,
        "max_persistence": 3.2130813598632812,
        "persistence_entropy": 7.770654000808567,
        "features": [
          [
            12.354491233825684,
            15.567572593688965,
            3.2130813598632812
          ],
          [
            9.608894348144531,
            11.930967330932617,
            2.322072982788086
          ],
          [
            7.773290634155273,
            9.99657917022705,
            2.2232885360717773
          ],
          [
            6.09029483795166,
            8.224599838256836,
            2.134305000305176
          ],
          [
            6.5494818687438965,
            8.673107147216797,
            2.1236252784729004
          ],
          [
            7.459089756011963,
            9.578862190246582,
            2.119772434234619
          ],
          [
            10.118743896484375,
            12.220658302307129,
            2.101914405822754
          ],
          [
            5.7318315505981445,
            7.832587718963623,
            2.1007561683654785
          ],
          [
            10.143684387207031,
            12.23119068145752,
            2.0875062942504883
          ],
          [
            10.129148483276367,
            12.132238388061523,
            2.0030899047851562
          ],
          [
            5.965400218963623,
            7.935563087463379,
            1.9701628684997559
          ],
          [
            5.883962631225586,
            7.8329854011535645,
            1.9490227699279785
          ],
          [
            7.215263366699219,
            9.161195755004883,
            1.945932388305664
          ],
          [
            5.699041843414307,
            7.6309943199157715,
            1.9319524765014648
          ],
          [
            7.640422344207764,
            9.476139068603516,
            1.835716724395752
          ],
          [
            6.116812705993652,
            7.946081161499023,
            1.829268455505371
          ],
          [
            5.080496311187744,
            6.883015155792236,
            1.8025188446044922
          ],
          [
            8.591300010681152,
            10.377617835998535,
            1.7863178253173828
          ],
          [
            8.65372085571289,
            10.438995361328125,
            1.7852745056152344
          ],
          [
            7.329681873321533,
            9.106261253356934,
            1.7765793800354004
          ]
        ]
      }
    }
  }
}