{
  "config_name": "bigram_tf_pca20",
  "include_trigrams": false,
  "tfidf": false,
  "pca_dim": 20,
  "raw_dims": 90,
  "explained_variance": 0.48526328293291227,
  "H0_total_persistence": 16349.766211509705,
  "H1_total_persistence": 1710.0076079368591,
  "H0_order_shuffle_p": 0.0,
  "H1_order_shuffle_p": 0.04,
  "H0_null_mean": 15184.882806949616,
  "H1_null_mean": 1660.6941292762756,
  "elapsed_seconds": 310.2215931415558,
  "null_details": {
    "H0": {
      "observed": 16349.766211509705,
      "null_mean": 15184.882806949616,
      "null_std": 71.43583380638381,
      "null_p95": 15308.595482432842,
      "p_value": 0.0,
      "significant_at_005": true,
      "null_distribution": [
        15093.270879507065,
        15153.887912511826,
        15258.0987200737,
        15319.327907323837,
        15249.08732175827,
        15212.613924980164,
        15146.192304134369,
        15022.596000432968,
        15139.056719064713,
        15265.307368516922,
        15310.30357503891,
        15121.808495521545,
        15193.551834106445,
        15201.801149129868,
        15123.677687644958,
        15177.41563820839,
        15166.91314458847,
        15108.421655654907,
        15169.90803527832,
        15160.979033470154,
        15208.196152925491,
        15170.003481149673,
        15136.942449331284,
        15145.999385595322,
        15217.011287927628,
        15306.507813692093,
        15283.498918056488,
        15156.738331079483,
        15104.797633886337,
        15254.447516918182,
        15187.877663612366,
        15192.39278793335,
        15254.996182918549,
        15267.368770599365,
        15255.918999671936,
        15047.472037792206,
        15259.271409273148,
        15236.050268173218,
        15122.668878555298,
        15120.174834012985,
        15196.431465625763,
        15316.873385429382,
        15191.408754110336,
        15196.290757894516,
        15173.671488761902,
        15205.985691070557,
        15165.136870622635,
        15039.460458755493,
        15084.255699396133,
        15152.071665763855
      ]
    },
    "H1": {
      "observed": 1710.0076079368591,
      "null_mean": 1660.6941292762756,
      "null_std": 28.223326962131345,
      "null_p95": 1706.762379539013,
      "p_value": 0.04,
      "significant_at_005": true,
      "null_distribution": [
        1677.0749237537384,
        1683.1544699668884,
        1690.8955371379852,
        1654.0753676891327,
        1660.793433189392,
        1609.039927482605,
        1714.6402099132538,
        1672.8454480171204,
        1613.6131298542023,
        1692.020709991455,
        1694.0199768543243,
        1656.938589334488,
        1686.9767425060272,
        1687.9439477920532,
        1632.0854849815369,
        1650.5583918094635,
        1634.1628785133362,
        1607.9123935699463,
        1644.5604355335236,
        1670.2620406150818,
        1688.5692245960236,
        1658.4974653720856,
        1690.4770591259003,
        1591.9320802688599,
        1668.1342618465424,
        1653.7775270938873,
        1640.7270147800446,
        1671.936325788498,
        1674.068383693695,
        1656.1299633979797,
        1703.5798857212067,
        1670.6173391342163,
        1657.2008726596832,
        1663.4490563869476,
        1665.2494895458221,
        1671.8402717113495,
        1653.475655555725,
        1674.492252111435,
        1621.3944251537323,
        1642.3019289970398,
        1657.3867514133453,
        1653.7165701389313,
        1631.1492676734924,
        1635.992745399475,
        1709.366238117218,
        1628.4665141105652,
        1720.6246371269226,
        1667.7329556941986,
        1632.0567784309387,
        1646.7894842624664
      ]
    },
    "null_type": "order_shuffle",
    "n_permutations": 50,
    "statistic": "total_persistence"
  },
  "n_components_90pct_variance": 20,
  "elapsed_seconds_incremental": 354.8471586704254
}