{
  "config_name": "bigram_tf_pca10",
  "include_trigrams": false,
  "tfidf": false,
  "pca_dim": 10,
  "raw_dims": 90,
  "explained_variance": 0.33714965635997207,
  "H0_total_persistence": 8786.703594207764,
  "H1_total_persistence": 1226.8480761051178,
  "H0_order_shuffle_p": 0.0,
  "H1_order_shuffle_p": 0.92,
  "H0_null_mean": 8704.538473711014,
  "H1_null_mean": 1256.2671817827224,
  "elapsed_seconds": 253.66414284706116,
  "null_details": {
    "H0": {
      "observed": 8786.703594207764,
      "null_mean": 8704.538473711014,
      "null_std": 31.956543045703512,
      "null_p95": 8749.018173265456,
      "p_value": 0.0,
      "significant_at_005": true,
      "null_distribution": [
        8673.915556430817,
        8665.18991780281,
        8647.164641141891,
        8724.888672590256,
        8731.987937688828,
        8758.410427570343,
        8704.889964580536,
        8701.019430160522,
        8711.376972675323,
        8760.502155780792,
        8697.284283638,
        8741.090145349503,
        8731.172211647034,
        8703.022180557251,
        8729.211048841476,
        8715.260013341904,
        8729.964539051056,
        8683.50148320198,
        8718.385697364807,
        8701.264117956161,
        8709.77707195282,
        8709.21570444107,
        8680.328202724457,
        8751.59593963623,
        8698.10869717598,
        8729.391293048859,
        8681.678623914719,
        8713.164665460587,
        8707.04274892807,
        8741.810009479523,
        8714.359587192535,
        8686.29720878601,
        8724.106815814972,
        8698.833827733994,
        8721.871426582336,
        8684.380564928055,
        8707.182120323181,
        8721.812812328339,
        8701.582478523254,
        8635.80654001236,
        8677.601296424866,
        8733.92740058899,
        8683.857914686203,
        8690.020033359528,
        8700.361590147018,
        8745.8675699234,
        8740.78535747528,
        8610.454280138016,
        8660.449513912201,
        8635.750992536545
      ]
    },
    "H1": {
      "observed": 1226.8480761051178,
      "null_mean": 1256.2671817827224,
      "null_std": 17.635883430207986,
      "null_p95": 1286.9519910931588,
      "p_value": 0.92,
      "significant_at_005": false,
      "null_distribution": [
        1243.1388046741486,
        1253.0085887908936,
        1252.9544405937195,
        1263.4517750740051,
        1262.340651512146,
        1268.5517227649689,
        1266.4351654052734,
        1288.3353643417358,
        1219.4887113571167,
        1268.7265837192535,
        1236.4446704387665,
        1251.488127231598,
        1269.060435295105,
        1225.2816207408905,
        1245.2710638046265,
        1264.917884349823,
        1265.1041915416718,
        1269.8203649520874,
        1300.8654367923737,
        1252.9321069717407,
        1268.852694272995,
        1251.2053797245026,
        1271.5525739192963,
        1286.3018355369568,
        1225.7107701301575,
        1284.98685836792,
        1239.0583970546722,
        1252.2376346588135,
        1236.1271226406097,
        1253.0283811092377,
        1234.0342009067535,
        1259.3323907852173,
        1236.3889100551605,
        1260.7462334632874,
        1261.8474051952362,
        1260.86101603508,
        1254.2784094810486,
        1248.9652030467987,
        1265.5204973220825,
        1263.212486743927,
        1244.7453463077545,
        1261.5327384471893,
        1225.7512488365173,
        1246.6304349899292,
        1287.483936548233,
        1272.4396421909332,
        1256.8553426265717,
        1241.45844912529,
        1233.1591737270355,
        1261.4366655349731
      ]
    },
    "null_type": "order_shuffle",
    "n_permutations": 50,
    "statistic": "total_persistence"
  },
  "n_components_90pct_variance": 10,
  "elapsed_seconds_incremental": 265.1405441761017
}