{
  "config_name": "bigram_tf_pca30",
  "include_trigrams": false,
  "tfidf": false,
  "pca_dim": 30,
  "raw_dims": 90,
  "explained_variance": 0.6134700002371668,
  "H0_total_persistence": 20951.359184741974,
  "H1_total_persistence": 1856.244511604309,
  "H0_order_shuffle_p": 0.0,
  "H1_order_shuffle_p": 0.84,
  "H0_null_mean": 19791.918886203766,
  "H1_null_mean": 1881.7915892887115,
  "elapsed_seconds": 399.10100269317627,
  "null_details": {
    "H0": {
      "observed": 20951.359184741974,
      "null_mean": 19791.918886203766,
      "null_std": 88.76379241767907,
      "null_p95": 19933.859640383722,
      "p_value": 0.0,
      "significant_at_005": true,
      "null_distribution": [
        19786.81893014908,
        19763.97589635849,
        19744.405737876892,
        19801.733779907227,
        19769.33765411377,
        19900.289484977722,
        19758.731897354126,
        19787.785328388214,
        19701.194425582886,
        19799.311555862427,
        19898.808867931366,
        19874.090909957886,
        19782.25912284851,
        19769.007256507874,
        19879.329874515533,
        19830.606788158417,
        19987.931666851044,
        19728.04551076889,
        19829.51438474655,
        19779.131598472595,
        19776.420859336853,
        19709.161184310913,
        19703.696533679962,
        19685.81618118286,
        19865.8724193573,
        19808.99859046936,
        19796.059993743896,
        19747.43071126938,
        19749.20268344879,
        19771.08323907852,
        19728.93475818634,
        19713.96221923828,
        19939.82861995697,
        20037.577712535858,
        19889.457448482513,
        19663.962173461914,
        19774.811435699463,
        19926.564220905304,
        19916.39995241165,
        19772.975195884705,
        19595.693333148956,
        19769.624987602234,
        19715.36997127533,
        19666.371830940247,
        19703.86738061905,
        19862.803406238556,
        19880.421597480774,
        19723.862530708313,
        19682.44590330124,
        19844.95656490326
      ]
    },
    "H1": {
      "observed": 1856.244511604309,
      "null_mean": 1881.7915892887115,
      "null_std": 29.475936450586804,
      "null_p95": 1925.465914607048,
      "p_value": 0.84,
      "significant_at_005": false,
      "null_distribution": [
        1871.751009941101,
        1927.4178256988525,
        1860.4142036437988,
        1877.3223872184753,
        1881.7121658325195,
        1896.1242861747742,
        1960.2043046951294,
        1915.0918130874634,
        1836.4796261787415,
        1880.328944683075,
        1854.617124080658,
        1888.958577156067,
        1911.022451877594,
        1915.6489057540894,
        1893.2841901779175,
        1920.0400791168213,
        1923.0802454948425,
        1858.1296095848083,
        1929.090795993805,
        1914.7663588523865,
        1864.3534307479858,
        1875.7929468154907,
        1864.178225517273,
        1875.3135161399841,
        1862.2979135513306,
        1888.4037551879883,
        1866.511592388153,
        1883.853985786438,
        1914.3934655189514,
        1894.2649898529053,
        1866.305866241455,
        1899.473882675171,
        1847.8050532341003,
        1914.373944759369,
        1851.650848865509,
        1818.2027082443237,
        1837.5933680534363,
        1896.4840679168701,
        1877.9882144927979,
        1883.9591279029846,
        1869.1359996795654,
        1889.6752457618713,
        1879.039080619812,
        1808.0084557533264,
        1876.2831463813782,
        1844.5707263946533,
        1904.2537841796875,
        1881.0548300743103,
        1865.0597124099731,
        1873.8126740455627
      ]
    },
    "null_type": "order_shuffle",
    "n_permutations": 50,
    "statistic": "total_persistence"
  },
  "n_components_90pct_variance": 30,
  "elapsed_seconds_incremental": 269.7585346698761
}