{
  "config_name": "bigram_tfidf_pca20",
  "include_trigrams": false,
  "tfidf": true,
  "pca_dim": 20,
  "raw_dims": 90,
  "explained_variance": 0.8957963175221686,
  "H0_total_persistence": 1211.1811964809895,
  "H1_total_persistence": 171.09958764910698,
  "H0_order_shuffle_p": 0.0,
  "H1_order_shuffle_p": 1.0,
  "H0_null_mean": 1192.2195194453002,
  "H1_null_mean": 177.20262034982443,
  "elapsed_seconds": 243.03411650657654,
  "null_details": {
    "H0": {
      "observed": 1211.1811964809895,
      "null_mean": 1192.2195194453002,
      "null_std": 2.840714385150986,
      "null_p95": 1196.5541281074286,
      "p_value": 0.0,
      "significant_at_005": true,
      "null_distribution": [
        1192.0728473961353,
        1191.7965359985828,
        1192.9058676064014,
        1189.7673377990723,
        1190.2690074443817,
        1190.894966840744,
        1199.569494098425,
        1188.9807381927967,
        1193.6833148300648,
        1190.7719129621983,
        1195.111241608858,
        1187.3543881177902,
        1193.4729111492634,
        1188.769951760769,
        1192.755453914404,
        1196.3954246342182,
        1191.7863065898418,
        1194.4082758128643,
        1189.3768596351147,
        1194.2475525140762
      ]
    },
    "H1": {
      "observed": 171.09958764910698,
      "null_mean": 177.20262034982443,
      "null_std": 2.2725539226253826,
      "null_p95": 180.97703199535607,
      "p_value": 1.0,
      "significant_at_005": false,
      "null_distribution": [
        180.9729323387146,
        173.36000141501427,
        176.22267895936966,
        175.8296717107296,
        175.068672478199,
        179.54135233163834,
        174.29613292217255,
        174.98361366987228,
        175.7934918999672,
        176.11567401885986,
        177.76007896661758,
        175.32765963673592,
        179.77703297138214,
        177.29054978489876,
        175.47825476527214,
        179.39728039503098,
        176.67020931839943,
        179.08245941996574,
        180.02973452210426,
        181.05492547154427
      ]
    },
    "null_type": "order_shuffle",
    "n_permutations": 20,
    "statistic": "total_persistence"
  },
  "n_components_90pct_variance": 20
}