{
  "config_name": "trigram_tf_pca20",
  "include_trigrams": true,
  "tfidf": false,
  "pca_dim": 20,
  "raw_dims": 819,
  "explained_variance": 0.127950316845761,
  "H0_total_persistence": 25878.890452861786,
  "H1_total_persistence": 2307.8402218818665,
  "H0_order_shuffle_p": 0.0,
  "H1_order_shuffle_p": 1.0,
  "H0_null_mean": 24970.87981312275,
  "H1_null_mean": 2623.143916249275,
  "elapsed_seconds": 184.84485602378845,
  "null_details": {
    "H0": {
      "observed": 25878.890452861786,
      "null_mean": 24970.87981312275,
      "null_std": 109.2860685165999,
      "null_p95": 25122.85176563263,
      "p_value": 0.0,
      "significant_at_005": true,
      "null_distribution": [
        25094.34309720993,
        24945.604798793793,
        25041.013697624207,
        25175.41553735733,
        24942.85423374176,
        25072.861832141876,
        24884.97365283966,
        24951.755380153656,
        24876.24897146225,
        24945.620270252228,
        24980.798206329346,
        25057.646732330322,
        25038.53049659729,
        24893.822207927704,
        24724.88585138321,
        24951.090963363647,
        24992.101283550262,
        24756.52043056488,
        25120.08525133133,
        24971.423367500305
      ]
    },
    "H1": {
      "observed": 2307.8402218818665,
      "null_mean": 2623.143916249275,
      "null_std": 40.59315072713358,
      "null_p95": 2669.555631136894,
      "p_value": 1.0,
      "significant_at_005": false,
      "null_distribution": [
        2655.493550300598,
        2621.5196442604065,
        2626.8612580299377,
        2576.93976688385,
        2646.4752235412598,
        2651.815236568451,
        2667.963548183441,
        2622.1534571647644,
        2590.9839029312134,
        2562.5108094215393,
        2566.594135284424,
        2664.8852734565735,
        2660.0505800247192,
        2659.943775653839,
        2584.7457485198975,
        2699.8052072525024,
        2618.3412652015686,
        2607.2719988822937,
        2634.498047351837,
        2544.0258960723877
      ]
    },
    "null_type": "order_shuffle",
    "n_permutations": 20,
    "statistic": "total_persistence"
  },
  "n_components_90pct_variance": 20
}