{
  "config_name": "trigram_tfidf_pca20",
  "include_trigrams": true,
  "tfidf": true,
  "pca_dim": 20,
  "raw_dims": 819,
  "explained_variance": 0.7300326793305928,
  "H0_total_persistence": 1467.5018475055695,
  "H1_total_persistence": 200.66224229335785,
  "H0_order_shuffle_p": 0.0,
  "H1_order_shuffle_p": 0.0,
  "H0_null_mean": 1360.2514862820506,
  "H1_null_mean": 190.28317869007589,
  "elapsed_seconds": 216.8560276031494,
  "null_details": {
    "H0": {
      "observed": 1467.5018475055695,
      "null_mean": 1360.2514862820506,
      "null_std": 4.4382309168923415,
      "null_p95": 1367.2717069521545,
      "p_value": 0.0,
      "significant_at_005": true,
      "null_distribution": [
        1359.3963600099087,
        1361.5496635138988,
        1363.9480187892914,
        1357.8108631670475,
        1366.2717584073544,
        1355.6486051380634,
        1365.9698942303658,
        1358.4904065728188,
        1357.646830767393,
        1356.422784358263,
        1355.1919504702091,
        1357.8583618998528,
        1357.6757934987545,
        1353.28210952878,
        1357.1579150855541,
        1367.7254120111465,
        1363.3873696029186,
        1367.2478277385235,
        1356.441086858511,
        1365.9067139923573
      ]
    },
    "H1": {
      "observed": 200.66224229335785,
      "null_mean": 190.28317869007589,
      "null_std": 2.524171442804961,
      "null_p95": 193.88873219639063,
      "p_value": 0.0,
      "significant_at_005": true,
      "null_distribution": [
        187.67742028832436,
        192.69512569904327,
        188.04903927445412,
        191.52021652460098,
        194.24894163012505,
        193.196989685297,
        186.2772437632084,
        191.13602244853973,
        190.15223348140717,
        193.54589241743088,
        188.9993644952774,
        190.01198947429657,
        189.91838321089745,
        185.00678539276123,
        192.63363140821457,
        193.86977380514145,
        189.9942868053913,
        188.3066708445549,
        190.2784599661827,
        188.14510318636894
      ]
    },
    "null_type": "order_shuffle",
    "n_permutations": 20,
    "statistic": "total_persistence"
  },
  "n_components_90pct_variance": 20
}