{
  "order_shuffle": {
    "H0": {
      "mean_wasserstein_obs_null": 11.21719811265609,
      "std_wasserstein_obs_null": 1.5178465757438537,
      "median_wasserstein_obs_null": 10.992383964110253,
      "mean_wasserstein_null_null": 6.617738515532723,
      "std_wasserstein_null_null": 2.371799118030558,
      "p_value": 0.058,
      "significant_at_005": false,
      "obs_null_distribution": [
        12.456322844151416,
        11.01710788688207,
        10.548157182674384,
        8.932920605501092,
        9.162541740280476,
        10.932899511194874,
        14.09973285394423,
        16.1740778240889,
        11.062080202062935,
        8.69256631861142,
        9.266758715002489,
        11.72275039376426,
        10.709149488525725,
        9.839692467500763,
        10.890456667448937,
        10.698422007894342,
        10.094319222285549,
        10.671507129085205,
        10.757316404015771,
        11.123330578722026,
        12.070705006930275,
        11.705679562656174,
        13.48611661449306,
        12.120583656126533,
        10.54644407637759,
        10.485648132808567,
        8.335074645342361,
        11.009745082334756,
        12.441563392533231,
        9.329163253371284,
        9.635107486040999,
        11.593919302183378,
        10.440103474182017,
        9.685224408786835,
        9.750744797988572,
        14.166940815036527,
        10.177859924987889,
        10.752875120112646,
        10.280432349539973,
        12.58487631428455,
        9.873074491306562,
        9.783097250989321,
        10.319160424766538,
        11.344214866820074,
        10.975022845885752,
        10.541939130492437,
        11.807538458703803,
        12.11338005626864,
        11.1926787978771,
        11.451902307848727,
        9.542514355529867,
        10.627533249311082,
        11.055430630066033,
        11.398372166493166,
        12.193237198765074,
        10.7431515934377,
        10.881792903689044,
        10.807718416477943,
        9.662063992924626,
        11.82303200912103,
        10.578193745640071,
        9.865079884627766,
        14.26825204795879,
        11.055425266769657,
        13.147929889069866,
        9.584628113878326,
        11.525401514905392,
        10.373067730452536,
        12.51768732407728,
        12.523773718364085,
        12.938755595105054,
        10.313020823593021,
        15.201296118440453,
        12.413971357346128,
        12.062808013018627,
        11.049908525445597,
        9.050353089518097,
        10.742235909625085,
        9.858906200316326,
        12.912163779308177,
        9.590142883067394,
        11.071695234495055,
        8.97835472426999,
        10.671308758583082,
        14.776141130723575,
        9.714834876062762,
        14.140464604285613,
        11.646817530866322,
        13.803742584393696,
        9.073100267227332,
        10.113211436605406,
        12.739104161035993,
        9.60578009401712,
        11.440104738668563,
        13.036608048896326,
        11.349381477586235,
        11.611712008952868,
        13.086369242825615,
        12.3697010611391,
        13.330605147917865
      ],
      "n_null_null_pairs": 500
    },
    "H1": {
      "mean_wasserstein_obs_null": 139.68837360989514,
      "std_wasserstein_obs_null": 3.074797273896098,
      "median_wasserstein_obs_null": 139.61641457077187,
      "mean_wasserstein_null_null": 144.6562542572055,
      "std_wasserstein_null_null": 4.605278955793369,
      "p_value": 0.854,
      "significant_at_005": false,
      "obs_null_distribution": [
        136.8675003682573,
        137.57911109508618,
        139.63373473537035,
        146.16222293760583,
        141.43065911319508,
        140.54897477044227,
        134.64999898209152,
        136.70027182300518,
        136.28021272517512,
        141.39163447388358,
        138.91372880068192,
        141.23382856474507,
        140.84334064590752,
        141.72414433133733,
        141.452813615013,
        135.49421327216135,
        143.73042350496746,
        142.79094411070645,
        136.85406145351132,
        134.8968444835775,
        135.76752506699484,
        137.9547748556732,
        136.8089946308174,
        146.2730535321675,
        139.35216968866973,
        141.68563799584868,
        138.63169864118888,
        139.5321261705218,
        135.8348813003174,
        141.50289490867482,
        140.63542788948175,
        140.3002123659746,
        137.67387512781488,
        138.29658818666462,
        142.0863182829309,
        135.28052170769772,
        136.86586348729782,
        140.9627603781577,
        141.5604844639689,
        138.63590532478,
        137.74984664876266,
        142.86636727781527,
        142.38649606012743,
        139.2185176904861,
        136.18114312164363,
        142.9442232370388,
        140.301817292251,
        136.37531762845163,
        139.87765319068671,
        139.6934935108024,
        142.76241326306484,
        144.90572534507282,
        143.46715936179103,
        138.3888471183532,
        138.60275913788513,
        145.41546805546008,
        138.33732542867446,
        139.8705510777344,
        143.5549107742814,
        143.29985657783538,
        137.1857985475662,
        143.68522124038137,
        136.41785010667604,
        135.28459552477213,
        141.06929407382967,
        143.3113505865631,
        136.9882124023831,
        142.28394842576796,
        137.72134990198344,
        135.99548604969627,
        137.86497961117672,
        139.4101460113675,
        139.08239171360003,
        147.81807572408735,
        143.8597044642222,
        133.5975733693886,
        141.6216495163874,
        143.89344926048088,
        140.99296186205507,
        143.89024717863973,
        137.48486150865955,
        142.3990634734114,
        136.53934642713108,
        140.24112321342034,
        135.42948147719784,
        142.1377132343797,
        134.9843239184918,
        135.0756118007152,
        139.59909440617338,
        141.03215001881003,
        143.0119060658164,
        142.966737522506,
        140.99647906210856,
        139.55323857205576,
        141.5237610475968,
        137.47202029201253,
        135.23503926204685,
        134.93785046433146,
        138.49539262318854,
        136.72761141785378
      ],
      "n_null_null_pairs": 500
    },
    "null_type": "order_shuffle",
    "n_permutations": 100,
    "statistic": "wasserstein",
    "elapsed_seconds": 471.02544045448303
  },
  "markov": {
    "H0": {
      "mean_wasserstein_obs_null": 11.422416331518534,
      "std_wasserstein_obs_null": 2.152546911246266,
      "median_wasserstein_obs_null": 11.34450785964766,
      "mean_wasserstein_null_null": 5.991850922560443,
      "std_wasserstein_null_null": 1.787779526037854,
      "p_value": 0.002,
      "significant_at_005": true,