{
  "n_total": 27280,
  "n_present": 16623,
  "n_absent": 10657,
  "missing_rate": 0.3906524926686217,
  "regime_distribution": {
    "chi2_statistic": 147.74182027337864,
    "chi2_p_value": 2.3224429324542676e-29,
    "chi2_dof": 6,
    "present_counts": {
      "0": 2079,
      "1": 4433,
      "2": 3508,
      "3": 1900,
      "4": 2192,
      "5": 1138,
      "6": 1373
    },
    "absent_counts": {
      "0": 1708,
      "1": 2925,
      "2": 1907,
      "3": 1433,
      "4": 1318,
      "5": 675,
      "6": 691
    },
    "present_proportions": {
      "0": 0.12506767731456417,
      "1": 0.2666786981892558,
      "2": 0.21103290621428142,
      "3": 0.11429946459724478,
      "4": 0.13186548757745292,
      "5": 0.06845936353245503,
      "6": 0.08259640257474583
    },
    "absent_proportions": {
      "0": 0.1602702449094492,
      "1": 0.2744674861593319,
      "2": 0.1789434174720841,
      "3": 0.13446560945857183,
      "4": 0.12367458008820494,
      "5": 0.06333865065215351,
      "6": 0.06484001126020456
    }
  },
  "state_frequencies": {
    "emp_rate": {
      "present_mean": 0.5744236472985796,
      "absent_mean": 0.5799177895077304,
      "difference": -0.0054941422091507874,
      "t_statistic": -1.079862872022548,
      "p_value": 0.2802144863027346
    },
    "unemp_rate": {
      "present_mean": 0.032617203326461584,
      "absent_mean": 0.04434777633614079,
      "difference": -0.011730573009679203,
      "t_statistic": -8.401118885131815,
      "p_value": 4.7221282666037746e-17
    },
    "inact_rate": {
      "present_mean": 0.3929591493749588,
      "absent_mean": 0.37573443415612884,
      "difference": 0.017224715218829956,
      "t_statistic": 3.463072466107475,
      "p_value": 0.0005349971413791529
    },
    "low_rate": {
      "present_mean": 0.22801912839812136,
      "absent_mean": 0.20820408830167672,
      "difference": 0.019815040096444636,
      "t_statistic": 5.371919334597333,
      "p_value": 7.863367529613598e-08
    },
    "mid_rate": {
      "present_mean": 0.27339957161289047,
      "absent_mean": 0.2800231094169351,
      "difference": -0.006623537804044621,
      "t_statistic": -2.0293662031350563,
      "p_value": 0.04243274109492966
    },
    "high_rate": {
      "present_mean": 0.49858129998898815,
      "absent_mean": 0.5117728022813882,
      "difference": -0.01319150229240007,
      "t_statistic": -2.8594127214695795,
      "p_value": 0.00424808161427809
    }
  },
  "trajectory_characteristics": {
    "traj_length": {
      "present_mean": 13.293027732659569,
      "absent_mean": 12.375152481936755,
      "difference": 0.9178752507228136,
      "t_statistic": 59.842298298022065,
      "p_value": 0.0
    },
    "stability": {
      "present_mean": 0.6909653171429024,
      "absent_mean": 0.6727894857011869,
      "difference": 0.01817583144171553,
      "t_statistic": 6.9283497052321215,
      "p_value": 4.373209397638088e-12
    },
    "transition_rate": {
      "present_mean": 0.3038337927888551,
      "absent_mean": 0.32015839821038283,
      "difference": -0.01632460542152775,
      "t_statistic": -6.137845853202345,
      "p_value": 8.5051085632911e-10
    }
  },
  "birth_cohort": {
    "chi2_statistic": 194.63602706562054,
    "chi2_p_value": 5.345112227051008e-41,
    "chi2_dof": 4,
    "present_counts": {
      "pre-1950": 4395,
      "1950s": 3359,
      "1960s": 3670,
      "1970s": 2975,
      "post-1980": 2217
    },
    "absent_counts": {
      "pre-1950": 2099,
      "1950s": 1635,
      "1960s": 1909,
      "1970s": 1590,
      "post-1980": 1785
    }
  },
  "logistic_regression": {
    "n_obs": 27280,
    "coefficients": {
      "const": 6.957164340634508,
      "emp_rate": 0.13103100062376,
      "low_rate": -0.27223162825223474,
      "traj_length": -0.5267089987837524,
      "transition_rate": -0.01666710287413021,
      "regime_1": -0.1892840769428829,
      "regime_2": -0.7549679746245157,
      "regime_3": -0.10663551247533487,
      "regime_4": -0.20602337183310532,
      "regime_5": -0.30259584321399635,
      "regime_6": -0.30666906695341756,
      "cohort_1950s": -0.510316219817021,
      "cohort_1960s": -0.5643674600261582,
      "cohort_1970s": -0.6050743233122787,
      "cohort_post-1980": -0.2548282514627847
    },
    "odds_ratios": {
      "const": 1050.650043491477,
      "emp_rate": 1.1400031215720594,
      "low_rate": 0.7616778145546739,
      "traj_length": 0.5905452603477089,
      "transition_rate": 0.9834710248241227,
      "regime_1": 0.8275513850324547,
      "regime_2": 0.4700256672379861,
      "regime_3": 0.898853234081041,
      "regime_4": 0.8138140557343596,
      "regime_5": 0.7388976665379324,
      "regime_6": 0.735894092289282,
      "cohort_1950s": 0.6003057202303171,
      "cohort_1960s": 0.5687197709962658,
      "cohort_1970s": 0.5460338420877787,
      "cohort_post-1980": 0.775049600165797
    },
    "p_values": {
      "const": 0.0,
      "emp_rate": 0.051515658507065715,
      "low_rate": 1.921942544820503e-06,
      "traj_length": 0.0,
      "transition_rate": 0.828703230645863,
      "regime_1": 0.0017024346985254376,
      "regime_2": 9.417136089599378e-36,
      "regime_3": 0.047275266011774376,
      "regime_4": 0.0012654965736007755,
      "regime_5": 4.789111517564508e-06,
      "regime_6": 5.32334133377633e-06,
      "cohort_1950s": 6.227513820497298e-29,
      "cohort_1960s": 4.287075747271138e-31,
      "cohort_1970s": 7.293526130087511e-33,
      "cohort_post-1980": 3.9915603403187946e-07
    },
    "confidence_intervals_95": {
      "const": [
        6.660220931643785,
        7.254107749625231
      ],
      "emp_rate": [
        -0.0008616817351556338,
        0.26292368298267565
      ],
      "low_rate": [
        -0.38429049615057687,
        -0.16017276035389263
      ],
      "traj_length": [
        -0.5475822036252422,
        -0.5058357939422626
      ],
      "transition_rate": [
        -0.16764770683021288,
        0.13431350108195247
      ],
      "regime_1": [
        -0.307518047298701,
        -0.07105010658706476
      ],
      "regime_2": [
        -0.8735200436778234,
        -0.636415905571208
      ],
      "regime_3": [
        -0.21198839519422563,
        -0.001282629756444123
      ],
      "regime_4": [
        -0.33128299740023426,
        -0.08076374626597635
      ],
      "regime_5": [
        -0.4322635925146956,
        -0.17292809391329714
      ],
      "regime_6": [
        -0.4387231050300562,
        -0.17461502887677893
      ],
      "cohort_1950s": [
        -0.5999205964698611,
        -0.420711843164181
      ],
      "cohort_1960s": [
        -0.6597521915890466,
        -0.4689827284632698
      ],
      "cohort_1970s": [
        -0.7043952054661782,
        -0.5057534411583793
      ],
      "cohort_post-1980": [
        -0.35335236787516844,
        -0.15630413505040097
      ]
    },
    "pseudo_r2": 0.09805531982664639,
    "aic": 32953.48022634694,
    "bic": 33076.6888630263
  },
  "summary": {
    "n_significant_tests": 9,
    "significant_tests": [
      "regime_distribution",
      "state_freq_unemp_rate",
      "state_freq_inact_rate",
      "state_freq_low_rate",
      "state_freq_mid_rate",
      "state_freq_high_rate",
      "traj_char_traj_length",
      "traj_char_stability",
      "traj_char_transition_rate"
    ],
    "subsample_representative": false,
    "assessment": "NS-SEC missingness is non-random on 9 tests \u2014 stratified results should be interpreted with caution"
  }
}