{
  "H0": {
    "observed": 15765.419325113297,
    "null_mean": 18019.12032773495,
    "null_std": 109.75430076609771,
    "null_p95": 18187.04684445858,
    "p_value": 1.0,
    "significant_at_005": false,
    "null_distribution": [
      17965.243370056152,
      17954.973004817963,
      17978.147711277008,
      18011.32418203354,
      17974.853337287903,
      18093.08665037155,
      18084.29886007309,
      18115.337918758392,
      17885.252245426178,
      17881.686294078827,
      18182.047785758972,
      17960.63601255417,
      17974.32060623169,
      18282.02895975113,
      18142.996566295624,
      17931.705663204193,
      18165.27219104767,
      17906.42280960083,
      17893.02152490616,
      17999.750861167908
    ]
  },
  "H1": {
    "observed": 1682.3363332748413,
    "null_mean": 1869.123698616028,
    "null_std": 39.2247240805368,
    "null_p95": 1931.1222484111786,
    "p_value": 1.0,
    "significant_at_005": false,
    "null_distribution": [
      1893.0404596328735,
      1813.2619156837463,
      1873.650149822235,
      1914.25053358078,
      1859.1025762557983,
      1902.4553961753845,
      1938.4789872169495,
      1914.1249294281006,
      1836.5694274902344,
      1838.0729303359985,
      1880.434084892273,
      1859.1309041976929,
      1895.493339061737,
      1930.7350516319275,
      1859.0179290771484,
      1869.0710921287537,
      1837.6703662872314,
      1857.1884379386902,
      1784.5351614952087,
      1826.190299987793
    ]
  },
  "null_type": "stratified_markov1",
  "n_permutations": 20,
  "statistic": "total_persistence"
}