{
  "n_nonoverlapping_windows": 74472,
  "n_overlapping_windows": 54560,
  "nonoverlapping_transition_matrix": [
    [
      0.2908545727136432,
      0.23663168415792105,
      0.20189905047476261,
      0.07646176911544228,
      0.10494752623688156,
      0.01899050474762619,
      0.07021489255372314
    ],
    [
      0.0420829548894944,
      0.6685841154506005,
      0.05560601473408013,
      0.07205570693309113,
      0.11550105964274901,
      0.027702089009990917,
      0.018468059339993945
    ],
    [
      0.046704637917005694,
      0.021969080553295363,
      0.8685109845402766,
      0.0419039869812856,
      0.0052074857607811225,
      0.0052074857607811225,
      0.01049633848657445
    ],
    [
      0.08070532383858935,
      0.2444896575110207,
      0.3316378433367243,
      0.14106476771787047,
      0.14615123770769753,
      0.017633095964733808,
      0.03831807392336385
    ],
    [
      0.04691848906560636,
      0.2628230616302187,
      0.025646123260437376,
      0.07415506958250496,
      0.47892644135188867,
      0.007355864811133201,
      0.10417495029821074
    ],
    [
      0.053744493392070485,
      0.2669603524229075,
      0.5022026431718062,
      0.08546255506607929,
      0.04757709251101322,
      0.03612334801762115,
      0.007929515418502203
    ],
    [
      0.10060975609756098,
      0.07571138211382114,
      0.3755081300813008,
      0.039634146341463415,
      0.18851626016260162,
      0.005589430894308943,
      0.21443089430894308
    ]
  ],
  "overlapping_transition_matrix": [
    [
      0.5278854756934089,
      0.12764688338801072,
      0.11601550849985089,
      0.057858634059051596,
      0.07963018192663286,
      0.01938562481359976,
      0.07157769161944527
    ],
    [
      0.025245125662121042,
      0.7839513129719373,
      0.027837259100642397,
      0.028062662008339907,
      0.07742589879409445,
      0.04226304519328299,
      0.015214696269581877
    ],
    [
      0.01716431253352405,
      0.002324333988914715,
      0.9681745038440909,
      0.005721437511174683,
      0.0,
      0.0035758984444841766,
      0.00303951367781155
    ],
    [
      0.04576825281511079,
      0.13730475844533235,
      0.1798038503450781,
      0.40610243370868143,
      0.14965492190337815,
      0.04431529240828187,
      0.0370504903741373
    ],
    [
      0.017272727272727273,
      0.17242424242424242,
      0.0,
      0.07242424242424242,
      0.6615151515151515,
      0.005454545454545455,
      0.07090909090909091
    ],
    [
      0.04780361757105943,
      0.1375968992248062,
      0.4844961240310077,
      0.06266149870801034,
      0.008397932816537468,
      0.25839793281653745,
      0.0006459948320413437
    ],
    [
      0.05053763440860215,
      0.07258064516129033,
      0.21129032258064517,
      0.057526881720430106,
      0.14408602150537633,
      0.002150537634408602,
      0.46182795698924733
    ]
  ],
  "nonoverlapping_self_transition_rates": {
    "0": 0.2908545727136432,
    "1": 0.6685841154506005,
    "2": 0.8685109845402766,
    "3": 0.14106476771787047,
    "4": 0.47892644135188867,
    "5": 0.03612334801762115,
    "6": 0.21443089430894308
  },
  "overlapping_self_transition_rates": {
    "0": 0.5278854756934089,
    "1": 0.7839513129719373,
    "2": 0.9681745038440909,
    "3": 0.40610243370868143,
    "4": 0.6615151515151515,
    "5": 0.25839793281653745,
    "6": 0.46182795698924733
  },
  "nonoverlapping_escape": {
    "n_starting_disadvantaged": 7881,
    "n_ever_escape": 866,
    "ever_escape_rate": 0.10988453241974369,
    "escape_by_horizon": {
      "1": 0.08006598147443218,
      "2": 0.10988453241974369,
      "3": 0.10988453241974369,
      "4": 0.10988453241974369,
      "5": 0.10988453241974369
    },
    "mean_path_length": 1.2713625866050808,
    "median_path_length": 1.0
  },
  "overlapping_escape": {
    "n_starting_disadvantaged": 7453,
    "n_ever_escape": 416,
    "ever_escape_rate": 0.05581644975177781,
    "escape_by_horizon": {
      "1": 0.05581644975177781,
      "2": 0.05581644975177781,
      "3": 0.05581644975177781,
      "4": 0.05581644975177781,
      "5": 0.05581644975177781
    },
    "mean_path_length": 1.0,
    "median_path_length": 1.0
  },
  "overlap_baseline": {
    "shared_years": 5,
    "shared_fraction": 0.5,
    "overlapping_self_transition_rate": 0.6855205278592376,
    "overlapping_n_transitions": 27280,
    "nonoverlapping_self_transition_rate": 0.601288353958298,
    "nonoverlapping_n_transitions": 47192,
    "self_rate_difference": 0.08423217390093951,
    "interpretation": "Overlapping windows share 50% of years. Self-transition rate: overlapping=0.686, non-overlapping=0.601. Difference=+0.084."
  },
  "elapsed_seconds": 5.85326623916626
}