{
  "n_landmarks": 100,
  "n_h0_bars": 1,
  "n_h1_bars": 455953,
  "elapsed_seconds": 699.7329609394073,
  "h0_bars": [
    {
      "birth_year": 1991.0,
      "death_year": 2022.5,
      "lifetime_years": 31.5
    }
  ],
  "h1_summary": {
    "n_finite": 455953,
    "mean_lifetime": 9.83639541794878,
    "median_lifetime": 10.5,
    "max_lifetime": 31.5,
    "n_above_5yr": 359886,
    "n_above_10yr": 266652
  }
}