{
  "n_landmarks": 50,
  "n_h0_bars": 1,
  "n_h1_bars": 95278,
  "elapsed_seconds": 24.11630368232727,
  "h0_bars": [
    {
      "birth_year": 1991.0,
      "death_year": 2022.5,
      "lifetime_years": 31.5
    }
  ],
  "h1_summary": {
    "n_finite": 95278,
    "mean_lifetime": 9.740449001868217,
    "median_lifetime": 10.5,
    "max_lifetime": 31.5,
    "n_above_5yr": 74946,
    "n_above_10yr": 53589
  }
}